date, pm25, pm10, o3, no2, so2, co
2025/2/1, 281, 146, 25, 23, 4, 6
2025/2/2, 239, 117, 38, 25, 4, 8
2025/2/3, 187, 150, 32, 27, 5, 9
2025/2/4, 214, , , , , 
2025/1/1, 255, 151, 13, 20, 4, 10
2025/1/2, 245, 168, , 15, 5, 12
2025/1/3, 273, 241, 13, 34, 2, 4
2025/1/4, 362, 142, 10, 18, 2, 6
2025/1/5, 240, 150, 13, 22, 3, 6
2025/1/6, 255, 138, 15, 15, 4, 7
2025/1/7, 224, 133, 30, 25, 5, 10
2025/1/8, 212, 239, 29, 38, 6, 16
2025/1/9, 319, 236, 14, 24, 4, 12
2025/1/10, 321, 128, 18, 23, 4, 6
2025/1/11, 229, 117, 15, 25, 4, 8
2025/1/12, 214, 109, 16, 21, 4, 6
2025/1/13, 196, 132, 33, 25, 3, 12
2025/1/14, 215, 193, 9, 24, 3, 8
2025/1/15, 314, 97, 33, 17, 4, 4
2025/1/16, 197, 113, 22, 22, 2, 5
2025/1/17, 196, 133, 27, 23, 1, 9
2025/1/18, 217, 216, 38, 31, 3, 13
2025/1/19, 294, 140, 1, 28, 2, 8
2025/1/20, 226, 128, 24, 28, 4, 5
2025/1/21, 201, 117, 34, 30, 2, 9
2025/1/22, 185, 105, 33, 30, , 6
2025/1/23, 180, 94, 37, 27, , 5
2025/1/24, 162, 118, 4, 41, , 9
2025/1/25, 183, , , , , 
2025/1/27, 171, 124, 57, 39, 1, 10
2025/1/28, 185, 206, 57, 36, 2, 14
2025/1/29, 271, 182, 38, 31, 3, 10
2025/1/30, 267, 170, 58, 31, 3, 11
2025/1/31, 261, 191, 41, 35, 4, 11
2024/10/1, 155, 104, 27, 17, 2, 7
2024/10/2, 156, 101, 36, 19, 3, 10
2024/10/3, 131, 104, 26, 15, 2, 13
2024/10/4, 136, 93, 18, 14, 3, 9
2024/10/5, 109, 122, 32, 15, 2, 5
2024/10/6, 130, 97, 32, 16, 3, 5
2024/10/7, 133, 115, 50, 17, 3, 6
2024/10/8, 156, 102, 45, 19, 3, 4
2024/10/9, 150, 93, 36, 17, 3, 4
2024/10/10, 129, 96, 45, 19, 4, 5
2024/10/11, 145, 122, 50, 20, 5, 13
2024/10/12, 148, 148, 80, 17, 6, 8
2024/10/13, 185, 102, 49, 28, 6, 15
2024/10/14, 125, 118, 48, 27, 5, 8
2024/10/15, 159, 145, 60, 37, 8, 18
2024/10/16, 163, 174, 82, 34, 7, 18
2024/10/17, 193, 169, 61, 26, 7, 19
2024/10/18, 184, 173, 48, 30, 7, 15
2024/10/19, 189, 156, 58, 29, 6, 11
2024/10/20, 192, 167, 54, 28, 8, 8
2024/10/21, 213, 177, 58, 30, 9, 13
2024/10/22, 222, 204, 42, 28, 9, 5
2024/10/23, 265, 146, 46, 24, 9, 6
2024/10/24, 210, 138, 38, 26, 6, 6
2024/10/25, 196, 177, 62, 33, 7, 12
2024/10/26, 226, 174, 42, 32, 7, 14
2024/10/27, 250, 171, 33, 31, 6, 11
2024/10/28, 221, 157, 29, 35, 5, 12
2024/10/29, 199, 174, 63, 40, 7, 11
2024/10/30, 204, 189, 41, 29, 6, 8
2024/10/31, 239, 298, 40, 26, 18, 11
2024/11/1, 281, 162, 50, 45, 9, 14
2024/11/2, 240, 181, 56, 45, 10, 15
2024/11/3, 282, 215, 54, 46, 9, 15
2024/11/4, 293, 195, 43, 41, 5, 21
2024/11/5, 255, 180, 42, 45, 4, 18
2024/11/6, 236, 235, 33, 37, 7, 16
2024/11/7, 302, 219, 28, 19, 6, 12
2024/11/8, 288, 178, 21, 12, 6, 9
2024/11/9, 257, 174, 36, 8, 4, 8
2024/11/10, 252, 181, 43, 8, 6, 14
2024/11/11, 244, 162, 22, 6, 5, 12
2024/11/12, 229, 385, 25, 5, 5, 16
2024/11/13, 414, 353, 9, 4, 6, 12
2024/11/14, 403, , , , , 
2024/11/16, 329, 440, 14, 1, 5, 12
2024/11/17, 456, 686, 10, , 4, 13
2024/11/18, 617, 324, 8, , 3, 10
2024/11/19, 421, 250, 8, , 4, 13
2024/11/20, 258, 172, 3, 16, 5, 14
2024/11/21, 248, 276, 7, 42, 5, 20
2024/11/22, 329, 230, , 48, 4, 20
2024/11/23, 295, 147, , 38, 3, 15
2024/11/24, 209, 251, 7, 39, 3, 15
2024/11/25, 315, 149, 25, 36, 4, 14
2024/11/26, 219, 155, 2, 40, 4, 18
2024/11/27, 216, 188, 6, 37, 5, 20
2024/11/28, 237, 170, 36, 43, 5, 23
2024/11/29, 216, 188, 30, 40, 5, 18
2024/11/30, 258, 125, 29, 33, 4, 16
2024/12/1, 204, 146, 30, 33, 4, 15
2024/12/2, 204, 144, 26, 33, 5, 14
2024/12/3, 188, 95, 23, 26, 4, 12
2024/12/4, 144, 96, 26, 29, 4, 14
2024/12/5, 143, 104, 27, 30, 5, 14
2024/12/6, 159, 120, 31, 37, 4, 17
2024/12/7, 175, 146, 31, 33, 3, 21
2024/12/8, 208, 91, 24, 30, 3, 12
2024/12/9, 166, 105, 28, 29, 3, 14
2024/12/10, 168, 114, 35, 32, 3, 13
2024/12/11, 174, 166, 39, 36, 5, 10
2024/12/12, 214, 123, 36, 25, 4, 6
2024/12/13, 179, 117, 28, 37, 5, 13
2024/12/14, 176, 170, 42, 41, 5, 12
2024/12/15, 237, 250, 44, 52, 4, 10
2024/12/16, 321, 321, 47, 61, 4, 15
2024/12/17, 348, 362, 41, 41, 4, 15
2024/12/18, 401, 288, 40, 42, 4, 15
2024/12/19, 353, 306, 34, 43, 4, 12
2024/12/20, 365, 171, 41, 34, 4, 13
2024/12/21, 265, 213, 47, 41, 6, 14
2024/12/22, 321, 230, 12, 42, 4, 10
2024/12/23, 334, 139, 19, 37, 7, 8
2024/12/24, 227, 138, 24, 28, 4, 13
2024/12/25, 242, 164, 35, 33, 4, 15
2024/12/26, 266, 135, 8, 30, 2, 8
2024/12/27, 255, 73, 2, 25, 2, 8
2024/12/28, 169, 91, 11, 15, 2, 5
2024/12/29, 183, , , , , 
2024/7/1, 123, 70, 6, 6, , 7
2024/7/2, 119, 59, 2, 6, , 6
2024/7/3, 95, 38, 2, 6, , 6
2024/7/4, 74, 44, 1, 8, , 6
2024/7/5, 78, 33, 5, 4, 1, 5
2024/7/6, 70, 16, 5, 4, 1, 5
2024/7/7, 42, 30, 5, 4, 1, 5
2024/7/8, 67, 60, 2, 8, , 7
2024/7/9, 111, 85, 2, 7, , 8
2024/7/10, 142, 81, 24, 6, , 7
2024/7/11, 144, 64, 19, 5, , 5
2024/7/12, 101, 63, 24, 8, , 6
2024/7/13, 110, 69, 27, 8, , 6
2024/7/14, 118, 59, 5, 7, , 6
2024/7/15, 102, 64, 7, 6, , 5
2024/7/16, 119, 49, 4, 4, , 6
2024/7/17, 90, 51, 2, 12, , 8
2024/7/18, 99, 88, 5, 9, , 7
2024/7/19, 149, 63, 8, 5, , 6
2024/7/20, 119, 55, 2, 7, , 6
2024/7/21, 110, 61, 4, 8, , 7
2024/7/22, 112, 70, 4, 9, , 7
2024/7/23, 125, 62, 10, 10, , 8
2024/7/24, 114, 57, 8, 9, , 6
2024/7/25, 99, 66, 11, 11, , 9
2024/7/26, 109, 72, 4, 9, , 8
2024/7/27, 118, 54, 4, 6, , 6
2024/7/28, 83, 57, 6, 6, , 6
2024/7/29, 90, 66, 6, 10, , 6
2024/7/30, 111, 53, 5, 15, , 7
2024/7/31, 89, 26, 10, 15, , 6
2024/8/1, 48, 50, 4, 18, , 8
2024/8/2, 72, 42, 6, 12, , 5
2024/8/3, 69, 40, 8, 12, , 6
2024/8/4, 56, 39, 7, 11, , 5
2024/8/5, 69, 39, 9, 11, , 5
2024/8/6, 70, 29, 4, 11, , 6
2024/8/7, 65, 39, 6, 11, , 6
2024/8/8, 71, 41, 5, 12, , 6
2024/8/9, 79, 52, 6, 12, , 8
2024/8/10, 92, 41, , 12, , 8
2024/8/11, 75, 48, 2, 16, , 8
2024/8/12, 86, 32, 4, 12, , 7
2024/8/13, 57, 62, 5, 12, , 7
2024/8/14, 102, 43, 4, 10, , 6
2024/8/15, 75, 42, 4, 10, , 6
2024/8/16, 71, 51, 12, 10, , 8
2024/8/17, 90, 58, 5, 5, , 7
2024/8/18, 99, 60, 2, 4, , 10
2024/8/19, 95, 46, 13, 8, 1, 7
2024/8/20, 95, 49, 16, 5, , 6
2024/8/21, 93, 52, 10, 5, , 6
2024/8/22, 95, 41, 7, 6, , 8
2024/8/23, 84, 71, 12, 6, , 10
2024/8/24, 144, 36, 19, 4, , 5
2024/8/25, 84, 37, 7, 6, , 6
2024/8/26, 87, 28, 7, 9, 2, 7
2024/8/27, 65, 28, 9, 10, 2, 7
2024/8/28, 78, 40, 9, 11, 2, 10
2024/8/29, 85, 64, 19, 11, 1, 11
2024/8/30, 130, 53, 12, 11, 2, 7
2024/8/31, 108, 61, 13, 12, 2, 8
2024/9/1, 121, 46, 7, 11, 2, 6
2024/9/2, 103, 47, 10, 11, 2, 6
2024/9/3, 94, 29, 8, 12, 2, 8
2024/9/4, 74, 47, 44, 14, 2, 9
2024/9/5, 108, 41, 10, 11, 2, 8
2024/9/6, 96, 34, 18, 12, 2, 8
2024/9/7, 94, 66, 4, 13, 2, 9
2024/9/8, 150, 64, 14, 13, 2, 9
2024/9/9, 142, 64, 43, 12, 2, 9
2024/9/10, 126, 52, 18, 13, 2, 10
2024/9/11, 95, 15, 11, 10, 2, 6
2024/9/12, 60, 22, 8, 14, 2, 8
2024/9/13, 63, 47, 26, 10, 1, 7
2024/9/14, 85, 85, 10, 12, 1, 9
2024/9/15, 120, 87, 22, 10, 2, 9
2024/9/16, 125, 97, 30, 12, 1, 9
2024/9/17, 150, 50, 13, 10, 2, 5
2024/9/18, 72, 37, 13, 8, 2, 4
2024/9/19, 81, 71, 25, 12, 2, 8
2024/9/20, 93, 81, 31, 10, 3, 6
2024/9/21, 111, 153, 35, 10, 2, 7
2024/9/22, 163, 129, 42, 12, 3, 7
2024/9/23, 165, 144, 54, 17, 2, 8
2024/9/24, 176, 118, 23, 15, 2, 6
2024/9/25, 165, 61, 15, 12, 2, 4
2024/9/26, 85, 46, 15, 10, 2, 3
2024/9/27, 59, 34, 23, 10, 3, 3
2024/9/28, 54, 49, 20, 11, 2, 5
2024/9/29, 75, 85, 23, 13, 2, 5
2024/9/30, 149, 98, 29, 16, 2, 6
2024/4/1, 113, 73, 23, 9, 2, 5
2024/4/2, 107, 95, 35, 14, 2, 9
2024/4/3, 140, 99, 31, 12, 2, 8
2024/4/4, 125, 98, 21, 10, 3, 4
2024/4/5, 132, 89, 29, 8, 3, 3
2024/4/6, 133, 95, 28, 15, 3, 7
2024/4/7, 143, 90, 30, 14, 3, 6
2024/4/8, 135, 98, 40, 14, 2, 7
2024/4/9, 144, 117, 46, 15, 2, 8
2024/4/10, 164, 111, 33, 13, 2, 7
2024/4/11, 149, 131, 41, 15, 4, 7
2024/4/12, 163, 95, 26, 11, 2, 4
2024/4/13, 139, 81, 15, 9, 2, 3
2024/4/14, 131, 112, 26, 16, 1, 9
2024/4/15, 169, 107, 18, 12, , 10
2024/4/16, 140, 71, 24, 7, 1, 5
2024/4/17, 89, 98, 22, 12, 1, 6
2024/4/18, 121, 108, 17, 12, , 9
2024/4/19, 123, 126, 20, 9, , 5
2024/4/20, 133, 73, 22, 10, 1, 6
2024/4/21, 100, 63, 23, 12, 1, 6
2024/4/22, 93, 131, 35, 17, 1, 7
2024/4/23, 144, 106, 33, 16, 1, 6
2024/4/24, 128, 116, 32, 16, 1, 7
2024/4/25, 146, 96, 28, 12, 1, 8
2024/4/26, 127, 121, 22, 11, 1, 23
2024/4/27, 132, 99, 29, 12, 1, 36
2024/4/28, 131, 145, 33, 13, 2, 6
2024/4/29, 152, 105, 31, 10, 2, 13
2024/4/30, 125, 111, 25, 9, 2, 18
2024/5/1, 121, 100, 31, 9, 3, 18
2024/5/2, 135, 148, 34, 15, 5, 10
2024/5/3, 185, 154, 43, 17, 5, 14
2024/5/4, 202, 157, 38, 16, 5, 10
2024/5/5, 197, 152, 35, 13, 4, 9
2024/5/6, 177, 189, 47, 19, 4, 11
2024/5/7, 202, 145, 20, 8, 2, 9
2024/5/8, 160, 108, 28, 5, 2, 9
2024/5/9, 139, 111, 29, 7, 2, 7
2024/5/10, 159, 142, 39, 7, 1, 7
2024/5/11, 123, 112, 43, 15, 2, 12
2024/5/12, 161, 123, 46, 19, 3, 14
2024/5/13, 169, 127, 51, 18, 2, 13
2024/5/14, 174, 129, 47, 25, 3, 17
2024/5/15, 176, 137, 64, 21, 3, 23
2024/5/16, 172, 126, 44, 22, 1, 35
2024/5/17, 162, 147, 40, 18, 3, 40
2024/5/18, 169, 125, 37, 12, 3, 43
2024/5/19, 154, 135, 32, 14, 2, 19
2024/5/20, 147, 165, 34, 12, 3, 11
2024/5/21, 166, 120, 24, 7, 2, 10
2024/5/22, 163, 92, 22, 5, 1, 9
2024/5/23, 157, 87, 27, 7, 2, 9
2024/5/24, 156, 99, 31, 11, 1, 10
2024/5/25, 162, 100, 38, 14, 2, 13
2024/5/26, 158, 130, 48, 19, 3, 17
2024/5/27, 175, 133, 55, 22, 2, 19
2024/5/28, 175, 146, 31, 16, 1, 13
2024/5/29, 162, 116, 33, 12, 1, 10
2024/5/30, 142, 105, 41, 8, 2, 8
2024/5/31, 128, 177, 19, 8, 1, 8
2024/6/1, 126, 80, 32, 7, 1, 7
2024/6/2, 112, 90, 30, 8, 1, 9
2024/6/3, 122, 140, 34, 12, 2, 12
2024/6/4, 156, 161, 18, 9, 1, 10
2024/6/5, 154, 86, 35, 9, 1, 9
2024/6/6, 139, 212, 27, 7, 1, 8
2024/6/7, 157, 153, 30, 6, 2, 9
2024/6/8, 144, 98, 34, 9, 2, 9
2024/6/9, 127, 100, 37, 12, 3, 9
2024/6/10, 130, 133, 35, 17, 4, 7
2024/6/11, 152, 125, 34, 15, 2, 8
2024/6/12, 136, 110, 27, 10, 1, 6
2024/6/13, 122, 135, 19, 4, 1, 4
2024/6/14, 134, 106, 20, 4, 1, 4
2024/6/15, 124, 88, 7, 15, 1, 8
2024/6/16, 102, 107, 20, 9, 3, 5
2024/6/17, 149, 180, 11, 7, 2, 5
2024/6/18, 178, 178, 9, 5, 1, 5
2024/6/19, 177, 115, 23, 5, 1, 5
2024/6/20, 146, 109, 10, 9, 1, 6
2024/6/21, 166, 118, 18, 10, 1, 6
2024/6/22, 179, 85, 15, 8, 1, 5
2024/6/23, 160, 94, 6, 7, 1, 6
2024/6/24, 148, 84, 12, 6, , 6
2024/6/25, 148, 81, 7, 6, 1, 5
2024/6/26, 146, 44, 1, 5, , 5
2024/6/27, 91, 48, 2, 6, , 6
2024/6/28, 94, 67, 4, 7, , 6
2024/6/29, 117, 74, 2, 6, 1, 6
2024/6/30, 135, 68, 2, 7, 1, 7
2024/1/1, 220, 170, 7, 1, 1, 13
2024/1/2, 237, 154, 4, 1, , 16
2024/1/3, 236, 199, , 1, , 11
2024/1/4, 277, 178, , 1, , 12
2024/1/5, 229, 142, 3, 1, 1, 13
2024/1/6, 222, 160, 5, 1, 2, 10
2024/1/7, 234, 283, 3, , 2, 14
2024/1/8, 289, 146, 2, 1, 1, 9
2024/1/9, 207, 156, 3, 1, 1, 14
2024/1/10, 225, 190, 7, 1, 1, 16
2024/1/11, 262, 152, 9, 1, 1, 9
2024/1/12, 248, 381, 7, 9, 2, 19
2024/1/13, 405, 364, , 14, 3, 18
2024/1/14, 322, 150, , 12, 2, 9
2024/1/15, 254, 184, , 9, 2, 15
2024/1/16, 297, 155, , 9, 2, 9
2024/1/17, 244, 140, , 10, 2, 9
2024/1/18, 219, 152, , 9, 2, 5
2024/1/19, 235, 146, , 10, 2, 10
2024/1/20, 230, 160, , 9, 1, 9
2024/1/21, 246, 175, , 9, 1, 10
2024/1/22, 246, 239, , 12, 1, 10
2024/1/23, 285, 238, , 12, 1, 11
2024/1/24, 310, 206, , 14, 1, 13
2024/1/25, 269, 307, , 16, 1, 18
2024/1/26, 391, 168, , 12, 1, 11
2024/1/27, 248, 237, , 15, 1, 12
2024/1/28, 304, 186, , 13, , 13
2024/1/29, 254, 256, , 16, 1, 11
2024/1/30, 343, 196, , 12, , 10
2024/1/31, 331, 55, 6, 9, 1, 6
2024/2/1, 150, 95, 9, 9, 1, 7
2024/2/2, 186, 89, 10, 12, 1, 7
2024/2/3, 163, 121, 7, 11, , 10
2024/2/4, 206, 88, 12, 8, , 7
2024/2/5, 172, 82, 17, 10, , 8
2024/2/6, 149, 93, 20, 11, 1, 5
2024/2/7, 153, 83, 21, 9, 1, 6
2024/2/8, 150, 85, 24, 13, 1, 10
2024/2/9, 148, 164, 32, 17, 2, 15
2024/2/10, 234, 144, 32, 15, 2, 10
2024/2/11, 231, 145, 27, 16, 2, 7
2024/2/12, 230, 177, 19, 18, 1, 14
2024/2/13, 260, 171, 27, 15, 1, 13
2024/2/14, 262, 112, 24, 17, 1, 13
2024/2/15, 180, 126, 25, 15, 1, 11
2024/2/16, 184, 117, 26, 14, 2, 19
2024/2/17, 183, 131, 24, 16, 1, 26
2024/2/18, 194, 128, 24, 10, 1, 12
2024/2/19, 175, 126, 14, 12, 1, 18
2024/2/20, 199, 121, 20, 9, 1, 17
2024/2/21, 181, 89, 20, 12, 1, 14
2024/2/22, 139, 81, 22, 12, 1, 15
2024/2/23, 133, 110, 24, 16, 2, 20
2024/2/24, 162, 101, 24, 13, 2, 16
2024/2/25, 158, 90, 22, 14, 2, 17
2024/2/26, 151, 80, 18, 11, 1, 16
2024/2/27, 133, 76, 21, 9, 1, 13
2024/2/28, 138, 79, 25, 11, 2, 15
2024/2/29, 139, 114, 29, 15, 2, 21
2024/3/1, 169, 52, 13, 5, 1, 12
2024/3/2, 100, 95, 17, 6, 1, 13
2024/3/3, 140, 71, 24, 8, 1, 13
2024/3/4, 114, 70, 23, 7, 2, 13
2024/3/5, 126, 73, 25, 9, 1, 14
2024/3/6, 140, 93, 24, 13, 1, 17
2024/3/7, 148, 82, 23, 11, 1, 14
2024/3/8, 135, 73, 25, 11, 1, 14
2024/3/9, 123, 100, 32, 13, 2, 16
2024/3/10, 161, 107, 35, 13, 2, 17
2024/3/11, 163, 101, 27, 12, 2, 14
2024/3/12, 156, 85, 24, 13, 2, 14
2024/3/13, 145, 99, 23, 9, 2, 16
2024/3/14, 150, 67, 17, 10, 2, 11
2024/3/15, 98, 88, 31, 12, 2, 10
2024/3/16, 146, 97, 26, 13, 2, 10
2024/3/17, 157, 103, 24, 13, 1, 10
2024/3/18, 162, 117, 28, 14, 2, 12
2024/3/19, 170, 118, 24, 14, 2, 12
2024/3/20, 173, 97, 22, 9, 1, 10
2024/3/21, 159, 101, 23, 12, 1, 12
2024/3/22, 163, 114, 21, 15, 1, 15
2024/3/23, 158, 109, 14, 10, 1, 9
2024/3/24, 146, 89, 19, 7, 1, 9
2024/3/25, 153, 79, 23, 9, 1, 7
2024/3/26, 142, 88, 22, 11, 1, 10
2024/3/27, 143, 89, 33, 10, 2, 7
2024/3/28, 146, 100, 34, 9, 2, 7
2024/3/29, 152, 112, 26, 12, 2, 10
2024/3/30, 157, 120, 21, 10, 2, 11
2024/3/31, 150, 75, 20, 5, 3, 4
2023/10/1, 144, 90, 34, 11, 2, 6
2023/10/2, 138, 95, 25, 12, 1, 5
2023/10/3, 143, 106, 24, 12, 2, 6
2023/10/4, 148, 113, 28, 14, 2, 8
2023/10/5, 159, 118, 28, 15, 2, 10
2023/10/6, 158, 109, 18, 12, 1, 11
2023/10/7, 148, 93, 12, 11, 1, 12
2023/10/8, 133, 98, 15, 8, 1, 8
2023/10/9, 99, 112, 10, 16, 2, 6
2023/10/10, 140, 95, 20, 10, 2, 4
2023/10/11, 147, 120, 27, 14, 2, 6
2023/10/12, 179, 133, 30, 15, 3, 7
2023/10/13, 166, 126, 20, 15, 2, 10
2023/10/14, 170, 145, 11, 13, 1, 14
2023/10/15, 183, 72, 11, 4, 2, 4
2023/10/16, 75, 61, 13, 13, 2, 9
2023/10/17, 112, 69, 17, 9, 1, 5
2023/10/18, 122, 73, 20, 11, 2, 8
2023/10/19, 119, 97, 26, 13, 2, 8
2023/10/20, 168, 136, 38, 16, 2, 7
2023/10/21, 206, 169, 32, 17, 3, 5
2023/10/22, 223, 141, 22, 15, 2, 10
2023/10/23, 209, 110, 24, 14, 1, 8
2023/10/24, 166, 135, 27, 16, 1, 10
2023/10/25, 197, 123, 29, 16, 1, 8
2023/10/26, 183, 127, 29, 15, 2, 10
2023/10/27, 190, 135, 38, 24, 3, 14
2023/10/28, 191, 157, 38, 24, 2, 13
2023/10/29, 213, 181, 35, 24, 2, 13
2023/10/30, 213, 200, 40, 22, 1, 22
2023/10/31, 250, 212, 35, 20, 1, 16
2023/11/1, 247, 353, 26, 23, 2, 12
2023/11/2, 346, 395, 18, 25, 1, 15
2023/11/3, 385, 358, 19, 23, 1, 11
2023/11/4, 374, 278, 22, 22, 2, 18
2023/11/5, 305, 236, 35, 22, 2, 15
2023/11/6, 304, 253, 29, 27, 1, 20
2023/11/7, 295, 308, , 32, 3, 22
2023/11/8, 335, 328, 9, 28, 2, 18
2023/11/9, 365, 145, 7, 15, 1, 13
2023/11/10, 214, 93, 10, 12, 1, 8
2023/11/11, 171, 102, 14, 12, 2, 9
2023/11/12, 187, 332, 18, 14, 3, 11
2023/11/13, 311, 145, 17, 20, 2, 8
2023/11/14, 240, 215, 20, 18, 2, 10
2023/11/15, 311, 317, 23, 24, 2, 17
2023/11/16, 377, 247, 25, 23, 2, 19
2023/11/17, 295, 153, 20, 22, 1, 14
2023/11/18, 217, 151, 25, 17, 1, 12
2023/11/19, 205, 175, 25, 18, 1, 14
2023/11/20, 232, 232, 17, 18, 1, 11
2023/11/21, 303, 210, 24, 17, 2, 12
2023/11/22, 297, 219, 27, 23, 2, 22
2023/11/23, 290, 267, 27, 29, 2, 17
2023/11/24, 312, 217, 22, 24, 1, 17
2023/11/25, 279, 220, 24, 22, 2, 18
2023/11/26, 277, 196, 15, 18, 1, 7
2023/11/27, 271, 122, 7, 14, 1, 8
2023/11/28, 214, 151, 15, 12, 2, 15
2023/11/29, 237, 201, 15, 15, 1, 19
2023/11/30, 293, 208, 17, 14, 1, 9
2023/12/1, 304, 150, 13, 14, 1, 9
2023/12/2, 232, 133, 20, 16, 1, 9
2023/12/3, 209, 132, 15, 15, 2, 11
2023/12/4, 212, 131, 14, 14, 2, 9
2023/12/5, 204, 128, 17, 14, 1, 9
2023/12/6, 200, 137, 18, 18, 1, 10
2023/12/7, 214, 136, 18, 18, 1, 14
2023/12/8, 204, 153, 17, 19, 1, 22
2023/12/9, 217, 140, 18, 15, 2, 11
2023/12/10, 210, 146, 15, 18, 2, 13
2023/12/11, 216, 169, 17, 16, 1, 16
2023/12/12, 227, 200, 17, 18, 1, 19
2023/12/13, 264, 153, 14, 15, 1, 14
2023/12/14, 223, 163, 14, 16, 2, 15
2023/12/15, 226, 180, 15, 18, 2, 15
2023/12/16, 245, 155, 20, 15, 1, 16
2023/12/17, 234, 139, 13, 13, 1, 9
2023/12/18, 217, 123, 15, 12, 1, 9
2023/12/19, 192, 138, 14, 14, 1, 7
2023/12/20, 202, 206, 16, 15, 1, 15
2023/12/21, 274, 356, 17, 20, 1, 16
2023/12/22, 378, 331, 15, 9, 1, 14
2023/12/23, 351, 206, 17, 7, 1, 19
2023/12/24, 283, 175, 18, 4, 1, 8
2023/12/25, 275, 220, 14, 4, 1, 17
2023/12/26, 297, 246, 6, 3, 1, 17
2023/12/27, 325, 201, 6, 1, 1, 13
2023/12/28, 280, 209, 3, , 1, 13
2023/12/29, 283, 308, 10, , 2, 14
2023/12/30, 344, 218, 9, 1, 3, 13
2023/12/31, 293, 151, 5, 1, 1, 11
2023/7/1, 82, 60, 19, 16, 1, 15
2023/7/2, 99, 98, 68, 24, 1, 15
2023/7/3, 140, 95, 90, 23, 1, 14
2023/7/4, 135, 69, 17, 16, 1, 15
2023/7/5, 121, 52, 5, 15, 1, 14
2023/7/6, 95, 58, 6, 13, 1, 15
2023/7/7, 96, 45, 7, 18, 1, 15
2023/7/8, 93, 43, 2, 12, 1, 14
2023/7/9, 92, 39, 11, 16, 1, 15
2023/7/10, 71, 59, 9, 16, 1, 15
2023/7/11, 97, 61, 8, 14, 1, 14
2023/7/12, 98, 67, 9, 13, 1, 14
2023/7/13, 107, , , , , 
2023/7/21, 128, 68, 4, 3, 1, 8
2023/7/22, 111, 57, 4, 4, 1, 9
2023/7/23, 87, 61, 6, 4, 1, 9
2023/7/24, 95, 78, 4, 4, 1, 11
2023/7/25, 130, 46, 7, 8, 1, 10
2023/7/26, 83, 70, 13, 9, 1, 10
2023/7/27, 118, 60, 10, 7, 1, 8
2023/7/28, 96, 33, 3, 6, 1, 9
2023/7/29, 55, 46, 11, 6, 1, 9
2023/7/30, 66, 72, 9, 6, 1, 9
2023/7/31, 123, 80, 9, 5, 1, 8
2023/8/1, 98, 68, 6, 4, 1, 9
2023/8/2, 103, 67, 8, 4, 1, 9
2023/8/3, 111, 73, 17, 7, 1, 10
2023/8/4, 122, 66, 4, 8, 1, 8
2023/8/5, 113, 73, 5, 5, 1, 3
2023/8/6, 113, 79, 7, 4, 1, 8
2023/8/7, 121, 88, 6, 3, 1, 8
2023/8/8, 112, 110, 6, 6, 1, 9
2023/8/9, 127, 95, 10, 5, 1, 9
2023/8/10, 112, 95, 11, 5, 1, 8
2023/8/11, 115, 91, 9, 4, 1, 6
2023/8/12, 100, 75, 10, 3, 1, 7
2023/8/13, 85, 84, 13, 6, 1, 9
2023/8/14, 99, 83, 25, 7, 1, 11
2023/8/15, 135, 96, 10, 8, 1, 9
2023/8/16, 135, 103, 10, 6, 1, 7
2023/8/17, 114, 121, 14, 5, 1, 3
2023/8/18, 127, 77, 11, 8, 1, 9
2023/8/19, 122, 70, 22, 7, 1, 8
2023/8/20, 112, 72, 19, 7, 1, 9
2023/8/21, 112, 74, 5, 6, 1, 9
2023/8/22, 108, 52, 3, 4, 1, 10
2023/8/23, 73, 79, 8, 6, 1, 9
2023/8/24, 85, 89, 9, 6, 1, 9
2023/8/25, 86, 122, 11, 5, 1, 8
2023/8/26, 118, 142, 12, 4, 1, 8
2023/8/27, 135, 122, 12, 5, 1, 9
2023/8/28, 116, 120, 13, 6, 1, 8
2023/8/29, 118, 114, 17, 7, 1, 10
2023/8/30, 128, 112, 14, 8, 1, 7
2023/8/31, 132, 108, 11, 7, 1, 8
2023/9/1, 108, 105, 13, 6, 1, 7
2023/9/2, 105, 105, 12, 6, 1, 7
2023/9/3, 103, 95, 14, 7, 1, 7
2023/9/4, 99, 84, 21, 7, 2, 10
2023/9/5, 112, 77, 12, 9, 1, 9
2023/9/6, 78, 70, 29, 10, 1, 10
2023/9/7, 93, 64, 17, 4, 1, 5
2023/9/8, 77, 34, 4, 3, 1, 9
2023/9/9, 54, 22, 5, 2, 1, 9
2023/9/10, 33, 51, 8, 6, 2, 11
2023/9/11, 81, 66, 16, 8, 1, 9
2023/9/12, 102, 75, 14, 7, 1, 8
2023/9/13, 133, 88, 6, 7, 1, 10
2023/9/14, 162, 53, 9, 7, 1, 11
2023/9/15, 90, 39, 2, 6, 1, 9
2023/9/16, 92, 29, 4, 3, 1, 7
2023/9/17, 77, 28, 5, 3, 1, 7
2023/9/18, 56, 51, 7, 6, 1, 10
2023/9/19, 71, 69, 20, 9, 1, 10
2023/9/20, 110, 64, 13, 8, 1, 9
2023/9/21, 107, 71, 15, 8, 1, 9
2023/9/22, 125, 61, 9, 9, 1, 11
2023/9/23, 126, 73, 16, 10, 1, 11
2023/9/24, 139, 82, 22, 10, 1, 6
2023/9/25, 154, 91, 21, 9, 1, 6
2023/9/26, 160, 84, 24, 9, 1, 6
2023/9/27, 137, 90, 35, 9, 1, 5
2023/9/28, 138, 102, 43, 12, 2, 6
2023/9/29, 156, 99, 35, 9, 2, 4
2023/9/30, 149, 94, 31, 8, 1, 5
2023/4/1, 109, 86, 24, 11, 1, 5
2023/4/2, 120, 113, 31, 12, 2, 10
2023/4/3, 141, 74, 25, 9, 2, 10
2023/4/4, 102, 98, 26, 12, 2, 11
2023/4/5, 113, 107, 24, 11, 2, 10
2023/4/6, 93, 92, 26, 12, 3, 10
2023/4/7, 109, 114, 35, 13, 2, 8
2023/4/8, 128, 83, 26, 12, 2, 11
2023/4/9, 97, 115, 32, 16, 2, 11
2023/4/10, 141, 183, 32, 17, 4, 13
2023/4/11, 179, 138, 25, 15, 2, 13
2023/4/12, 140, 139, 28, 15, 2, 13
2023/4/13, 147, 132, 25, 17, 3, 16
2023/4/14, 142, 139, 37, 21, 3, 16
2023/4/15, 144, 161, 20, 25, 2, 12
2023/4/16, 141, 120, 32, 18, 2, 20
2023/4/17, 97, 145, 20, 17, 2, 9
2023/4/18, 124, 213, 30, 10, 2, 6
2023/4/19, 133, 94, 24, 10, 2, 14
2023/4/20, 105, 101, 29, 10, 2, 15
2023/4/21, 105, 102, 36, 11, 2, 15
2023/4/22, 109, 88, 24, 9, 1, 20
2023/4/23, 76, 109, 34, 16, 3, 13
2023/4/24, 118, 111, 36, 13, 2, 14
2023/4/25, 136, 147, 46, 18, 2, 17
2023/4/26, 163, 194, 41, 13, 2, 14
2023/4/27, 163, 114, 33, 16, 3, 17
2023/4/28, 143, 132, 25, 12, 2, 11
2023/4/29, 143, 78, 27, 10, 3, 15
2023/4/30, 126, 67, 9, 8, 2, 15
2023/5/1, 129, 65, 16, 7, 2, 15
2023/5/2, 115, 70, 17, 9, 2, 15
2023/5/3, 122, 84, 39, 11, 2, 15
2023/5/4, 139, 109, 36, 14, 2, 15
2023/5/5, 162, 132, 22, 14, 3, 15
2023/5/6, 155, 114, 33, 12, 2, 13
2023/5/7, 142, 102, 24, 12, 2, 14
2023/5/8, 131, 140, 39, 13, 3, 14
2023/5/9, 163, 117, 35, 13, 3, 15
2023/5/10, 145, 218, 44, 21, 4, 18
2023/5/11, 206, 161, 40, 20, 2, 21
2023/5/12, 157, 161, 46, 20, 3, 17
2023/5/13, 170, 187, 37, 15, 3, 14
2023/5/14, 172, 103, 20, 9, 2, 15
2023/5/15, 78, 510, 23, 8, 2, 15
2023/5/16, 159, 235, 23, 13, 3, 13
2023/5/17, 147, 83, 33, 6, 2, 13
2023/5/18, 96, 103, 35, 8, 3, 13
2023/5/19, 132, 119, 36, 11, 3, 15
2023/5/20, 131, 141, 44, 18, 3, 20
2023/5/21, 144, 144, 23, 10, 2, 15
2023/5/22, 122, 160, 21, 6, 2, 12
2023/5/23, 103, 80, 17, 5, 2, 11
2023/5/24, 73, 100, 33, 6, 2, 10
2023/5/25, 74, 77, 29, 9, 2, 13
2023/5/26, 69, 72, 28, 12, 2, 13
2023/5/27, 92, 96, 29, 13, 2, 7
2023/5/28, 127, 94, 21, 9, 2, 10
2023/5/29, 96, 77, 27, 8, 2, 12
2023/5/30, 112, 56, 20, 8, 2, 9
2023/5/31, 88, 71, 25, 9, 2, 14
2023/6/1, 108, 77, 30, 9, 2, 13
2023/6/2, 98, 83, 30, 11, 3, 12
2023/6/3, 115, 119, 29, 14, 3, 15
2023/6/4, 155, 96, 33, 10, 2, 14
2023/6/5, 137, 246, 39, 8, 2, 14
2023/6/6, 135, 355, 35, 9, 3, 15
2023/6/7, 161, 103, 34, 12, 3, 14
2023/6/8, 121, 99, 28, 8, 2, 12
2023/6/9, 104, 100, 20, 8, 2, 14
2023/6/10, 89, 97, 26, 6, 1, 15
2023/6/11, 93, 115, 23, 7, 2, 14
2023/6/12, 116, 156, 15, 8, 2, 13
2023/6/13, 129, 139, 11, 4, 2, 14
2023/6/14, 103, 100, 14, 5, 2, 13
2023/6/15, 86, 83, 13, 8, 2, 16
2023/6/16, 95, 83, 18, 7, 1, 9
2023/6/17, 105, 69, 14, 5, 2, 13
2023/6/18, 92, 63, 7, 6, 1, 15
2023/6/19, 82, 78, 13, 7, 2, 14
2023/6/20, 115, 81, 18, 7, 1, 14
2023/6/21, 110, 81, 2, 11, 1, 15
2023/6/22, 112, 103, 12, 8, 1, 14
2023/6/23, 132, 103, 10, 8, 1, 14
2023/6/24, 130, 43, 10, , 1, 13
2023/6/25, 78, 70, 12, 28, 1, 14
2023/6/26, 114, 62, 9, 21, 1, 14
2023/6/27, 100, 70, 18, 23, 1, 16
2023/6/28, 93, 76, 22, 19, 1, 13
2023/6/29, 107, 59, 14, 21, 1, 13
2023/6/30, 84, 54, 15, 15, 1, 13
2023/1/2, 310, 210, 4, 13, 4, 6
2023/1/3, 309, 162, 8, 12, 3, 9
2023/1/4, 245, 179, 7, 14, 2, 8
2023/1/5, 275, 296, 6, 16, 2, 9
2023/1/6, 336, 279, 5, 15, 4, 9
2023/1/7, 296, 241, 9, 13, 2, 10
2023/1/8, 323, 408, 4, 19, 2, 11
2023/1/9, 442, 250, 7, 13, 2, 10
2023/1/10, 310, 169, 8, 12, 2, 6
2023/1/11, 243, 156, 11, 10, 2, 7
2023/1/12, 243, 168, 13, 12, 3, 8
2023/1/13, 268, 130, 13, 9, 2, 5
2023/1/14, 215, 104, 18, 13, 3, 8
2023/1/15, 158, 147, 20, 16, 2, 8
2023/1/16, 207, 146, 17, 16, 1, 11
2023/1/17, 216, 182, 21, 18, 2, 7
2023/1/18, 230, 230, 18, 23, 3, 7
2023/1/19, 274, 94, 16, 10, 2, 2
2023/1/20, 165, 179, 20, 17, 2, 8
2023/1/21, 244, 223, 20, 18, 3, 10
2023/1/22, 309, 154, 19, 17, 3, 10
2023/1/23, 224, 96, 9, 11, 2, 9
2023/1/24, 157, 97, 4, 11, 2, 12
2023/1/25, 171, 115, 7, 8, 1, 10
2023/1/26, 201, 95, 19, 12, 1, 10
2023/1/27, 170, 115, 23, 17, 2, 14
2023/1/28, 179, 155, 6, 17, 1, 20
2023/1/29, 248, 58, 3, 11, 1, 11
2023/1/30, 136, 82, 3, 8, , 14
2023/1/31, 164, 85, 7, 9, , 11
2023/2/1, 164, 93, 10, 13, 1, 11
2023/2/2, 164, 109, 10, 14, 1, 14
2023/2/3, 169, 128, 11, 13, 1, 12
2023/2/4, 188, 109, 12, 12, 1, 14
2023/2/5, 169, 157, 9, 13, 1, 21
2023/2/6, 204, 133, 6, 13, 1, 12
2023/2/7, 182, 89, 10, 13, 1, 12
2023/2/8, 147, 106, 10, 16, 1, 11
2023/2/9, 132, 107, 3, 14, 2, 14
2023/2/10, 169, 153, 15, 15, 1, 12
2023/2/11, 199, 84, 18, 8, 2, 9
2023/2/12, 122, 84, 19, 7, 2, 9
2023/2/13, 114, 86, 21, 12, 2, 11
2023/2/14, 135, 114, 23, 16, 2, 12
2023/2/15, 167, 181, 28, 25, 2, 12
2023/2/16, 215, 232, 27, 27, 2, 18
2023/2/17, 254, 207, 32, 23, 2, 20
2023/2/18, 250, 181, 30, 18, 2, 18
2023/2/19, 227, 172, 27, 17, 2, 16
2023/2/20, 216, 141, 25, 19, 1, 14
2023/2/21, 186, 145, 22, 14, 2, 16
2023/2/22, 199, 111, 18, 13, 1, 12
2023/2/23, 148, 115, 24, 15, 2, 14
2023/2/24, 158, 143, 33, 17, 2, 12
2023/2/25, 177, 204, 29, 19, 3, 14
2023/2/26, 203, 142, 28, 19, 2, 17
2023/2/27, 179, 125, 18, 14, 1, 13
2023/2/28, 161, 129, 16, 14, 1, 11
2023/3/1, 149, 127, 23, 14, 1, 13
2023/3/2, 162, 88, 17, 10, 1, 9
2023/3/3, 134, 84, 15, 9, 1, 11
2023/3/4, 122, 78, 20, 9, 1, 9
2023/3/5, 122, 78, 24, 10, 1, 12
2023/3/6, 130, 102, 28, 13, 1, 13
2023/3/7, 142, 102, , 10, 2, 27
2023/3/8, 170, 80, 1, 12, 1, 16
2023/3/9, 126, 110, 1, 13, 2, 12
2023/3/10, 165, 115, 1, 15, 2, 14
2023/3/11, 153, 137, 1, 17, 2, 14
2023/3/12, 168, 125, 1, 18, 1, 13
2023/3/13, 156, 119, 1, 14, 2, 12
2023/3/14, 162, 119, 1, 19, 1, 16
2023/3/15, 152, 151, 1, 17, 2, 12
2023/3/16, 175, 150, 1, 16, 4, 10
2023/3/17, 181, 84, 13, 13, 2, 10
2023/3/18, 147, 99, 30, 11, 2, 10
2023/3/19, 166, 76, 15, 9, 1, 9
2023/3/20, 122, 50, 19, 8, 2, 10
2023/3/21, 119, 107, 29, 11, 2, 9
2023/3/22, 165, 82, 25, 12, 2, 13
2023/3/23, 128, 113, 14, 14, 2, 12
2023/3/24, 155, 46, 20, 8, 1, 12
2023/3/25, 91, 111, 24, 10, 1, 10
2023/3/26, 140, 74, 27, 9, 2, 10
2023/3/27, 120, 83, 27, 11, 2, 11
2023/3/28, 128, 117, 37, 14, 2, 11
2023/3/29, 153, 91, 34, 10, 2, 10
2023/3/30, 138, 42, 22, 10, 2, 8
2023/3/31, 86, 71, 28, 10, 2, 9
2022/10/1, 150, 98, 16, 12, 2, 10
2022/10/2, 149, 78, 14, 10, 1, 5
2022/10/3, 114, 92, 22, 13, 2, 7
2022/10/4, 141, 111, 19, 13, 2, 6
2022/10/5, 172, 30, 4, 5, 1, 4
2022/10/6, 54, 26, 3, 6, 2, 5
2022/10/7, 64, 6, 1, 7, 2, 4
2022/10/8, 43, 5, 4, 7, 2, 4
2022/10/9, 37, 7, 1, 5, 1, 4
2022/10/10, 46, 64, 11, 12, 2, 16
2022/10/11, 119, 90, 16, 11, 1, 7
2022/10/12, 153, 79, 19, 11, 1, 7
2022/10/13, 125, 101, 23, 13, 2, 7
2022/10/14, 155, 115, 26, 14, 2, 11
2022/10/15, 166, 130, 33, 15, 3, 12
2022/10/16, 175, 130, 31, 18, 2, 14
2022/10/17, 174, 131, 30, 17, 3, 16
2022/10/18, 174, 141, 28, 19, 2, 16
2022/10/19, 170, 151, 30, 20, 2, 18
2022/10/20, 177, 149, 19, 23, 2, 19
2022/10/21, 178, 147, 17, 16, 2, 16
2022/10/22, 185, 131, 22, 19, 2, 14
2022/10/23, 186, 152, 32, 16, 3, 11
2022/10/24, 230, 212, 28, 14, 4, 12
2022/10/25, 222, 143, 31, 20, 2, 13
2022/10/26, 195, 173, 17, 23, 2, 22
2022/10/27, 235, 196, 27, 25, 3, 17
2022/10/28, 247, 225, 29, 23, 2, 19
2022/10/29, 284, 176, 29, 20, 2, 24
2022/10/30, 238, 217, 18, 25, 2, 18
2022/10/31, 296, 265, 29, 27, 2, 17
2022/11/1, 313, 269, 26, 20, 1, 15
2022/11/2, 307, 441, 27, 25, 1, 17
2022/11/3, 442, 367, , 27, 1, 20
2022/11/4, 389, 182, , 16, 1, 13
2022/11/5, 262, 162, , 17, 1, 14
2022/11/6, 233, 166, 10, 23, 3, 19
2022/11/7, 201, 237, 11, 15, 1, 14
2022/11/8, 323, 108, 21, 17, 2, 11
2022/11/9, 168, 144, 22, 17, 1, 13
2022/11/10, 207, 211, 20, 14, 1, 12
2022/11/11, 288, 183, 23, 15, 2, 9
2022/11/12, 272, 141, 23, 18, 3, 14
2022/11/13, 223, 139, 21, 19, 2, 18
2022/11/14, 201, 115, 19, 20, 2, 13
2022/11/15, 167, 117, 18, 15, 2, 11
2022/11/16, 178, 123, 20, 15, 1, 12
2022/11/17, 200, 140, 23, 16, 2, 12
2022/11/18, 211, 144, 23, 21, 2, 16
2022/11/19, 197, 153, 23, 19, 2, 15
2022/11/20, 222, 140, 20, 18, 2, 13
2022/11/21, 213, 122, 20, 16, 2, 9
2022/11/22, 183, 113, 20, 16, 2, 9
2022/11/23, 171, 114, 21, 17, 2, 9
2022/11/24, 173, 156, 23, 22, 2, 12
2022/11/25, 195, 172, 25, 22, 2, 19
2022/11/26, 245, 157, 22, 21, 2, 15
2022/11/27, 235, 181, 18, 26, 2, 16
2022/11/28, 242, 206, 20, 27, 2, 19
2022/11/29, 269, 182, 19, 22, 2, 19
2022/11/30, 247, 192, 23, 21, 2, 22
2022/12/1, 269, 174, 17, 23, 2, 13
2022/12/2, 235, 212, 19, 24, 2, 14
2022/12/3, 272, 195, 20, 19, 1, 18
2022/12/4, 279, 154, 17, 20, 2, 16
2022/12/5, 240, 160, 16, 18, 2, 14
2022/12/6, 256, 127, 16, 14, 2, 12
2022/12/7, 198, 127, 17, 16, 2, 15
2022/12/8, 193, 159, 20, 19, 2, 18
2022/12/9, 223, 212, 6, 21, 2, 16
2022/12/10, 276, 136, 11, 16, 2, 14
2022/12/11, 209, 114, 11, 14, 1, 13
2022/12/12, 171, 93, 12, 11, 1, 8
2022/12/13, 149, 90, 18, 7, 1, 7
2022/12/14, 158, 108, 14, 15, 3, 11
2022/12/15, 159, 111, 16, 15, 2, 14
2022/12/16, 177, 136, 16, 16, 1, 19
2022/12/17, 214, 215, 17, 18, 2, 23
2022/12/18, 303, 238, 14, 20, 2, 27
2022/12/19, 276, 199, 14, 17, 2, 20
2022/12/20, 286, 178, 7, 13, 1, 14
2022/12/21, 250, 240, 9, 17, 2, 16
2022/12/22, 312, 211, 11, 20, 3, 18
2022/12/23, 300, 158, 10, 16, 3, 12
2022/12/24, 248, 145, 8, 11, 2, 10
2022/12/25, 223, 233, 3, 18, 3, 16
2022/12/26, 312, 155, 11, 14, 2, 15
2022/12/27, 257, 135, 16, 15, 3, 12
2022/12/28, 221, 196, 17, 22, 3, 14
2022/12/29, 261, 226, 10, 16, 2, 13
2022/12/30, 320, 165, 10, 12, 2, 8
2022/12/31, 244, 117, 17, 12, 3, 10
2023/1/1, 196, 207, 11, 15, 2, 9
2022/7/1, 109, 68, 10, 8, 2, 12
2022/7/2, 117, 54, 9, 8, 2, 14
2022/7/3, 100, 106, 11, 12, 2, 16
2022/7/4, 162, 109, 2, 9, 1, 12
2022/7/5, 155, 84, 1, 5, 2, 10
2022/7/6, 144, 72, 2, 9, 2, 11
2022/7/7, 94, 76, 7, 10, 2, 12
2022/7/8, 102, 77, 4, 9, 1, 11
2022/7/9, 115, 69, 8, 8, 1, 11
2022/7/10, 105, 79, 13, 14, 1, 14
2022/7/11, 122, 72, 7, 14, 1, 13
2022/7/12, 105, 74, 11, 11, 1, 13
2022/7/13, 105, 72, 11, 11, 1, 12
2022/7/14, 93, 63, 12, 8, 2, 11
2022/7/15, 70, 51, 24, 9, 2, 12
2022/7/16, 78, 50, 15, 8, 1, 11
2022/7/17, 86, 81, 13, 9, 1, 12
2022/7/18, 120, 84, 23, 13, 1, 14
2022/7/19, 118, 60, 6, 8, 1, 12
2022/7/20, 90, 70, 21, 14, 1, 12
2022/7/21, 114, 73, 6, 10, , 13
2022/7/22, 131, 48, 7, 9, 1, 11
2022/7/23, 80, 47, 8, 7, 1, 11
2022/7/24, 68, 48, 7, 6, 1, 11
2022/7/25, 68, 51, 7, 6, 1, 11
2022/7/26, 82, 55, 6, 7, 1, 11
2022/7/27, 88, 41, 7, 8, 1, 12
2022/7/28, 65, 35, 4, 7, 1, 12
2022/7/29, 57, 45, 4, 8, 1, 12
2022/7/30, 65, 46, 6, 8, 1, 13
2022/7/31, 73, 55, 7, 8, 1, 12
2022/8/1, 69, 63, 12, 9, 1, 13
2022/8/2, 86, 93, 11, 14, , 11
2022/8/3, 134, 74, 6, 10, 1, 12
2022/8/4, 129, 58, 4, 10, 1, 14
2022/8/5, 111, 79, 13, 12, 1, 14
2022/8/6, 140, 67, 3, 10, 1, 11
2022/8/7, 115, 78, 14, 10, 1, 15
2022/8/8, 127, 78, 9, 10, 1, 12
2022/8/9, 116, 61, 8, 9, 1, 11
2022/8/10, 68, 47, 3, 7, 1, 11
2022/8/11, 55, 57, 4, 9, 1, 11
2022/8/12, 78, 55, 8, 8, 1, 13
2022/8/13, 90, 53, 9, 9, 1, 11
2022/8/14, 81, 41, 6, 6, 1, 11
2022/8/15, 67, 44, 5, 5, 1, 10
2022/8/16, 60, 38, 5, 6, , 6
2022/8/17, 47, 47, 11, 9, 1, 2
2022/8/18, 62, 47, 8, 7, 1, 2
2022/8/19, 58, 69, 8, 11, 1, 3
2022/8/20, 92, 89, 15, 10, 1, 3
2022/8/21, 130, 78, 6, 8, 1, 2
2022/8/22, 104, 57, 7, 5, 1, 1
2022/8/23, 81, 53, 5, 8, 1, 2
2022/8/24, 73, 74, 20, 11, 1, 2
2022/8/25, 102, 78, 9, 9, 1, 9
2022/8/26, 100, 79, 9, 7, 1, 10
2022/8/27, 97, 94, 8, 8, 1, 11
2022/8/28, 102, 96, 16, 9, 1, 10
2022/8/29, 110, 89, 14, 13, 1, 13
2022/8/30, 127, 85, 13, 10, 1, 12
2022/8/31, 116, 81, 19, 12, 1, 11
2022/9/1, 119, 86, 9, 14, 1, 15
2022/9/2, 115, 77, 8, 7, 1, 9
2022/9/3, 90, 64, 11, 8, 1, 12
2022/9/4, 67, 66, 15, 8, 1, 11
2022/9/5, 72, 88, 12, 10, 1, 7
2022/9/6, 103, 87, 20, 11, 2, 7
2022/9/7, 115, 101, 25, 12, 2, 6
2022/9/8, 150, 90, 18, 10, 1, 6
2022/9/9, 147, 74, 8, 9, 1, 6
2022/9/10, 135, 63, 12, 8, 1, 6
2022/9/11, 96, 59, 9, 8, 1, 6
2022/9/12, 77, 51, 5, 7, 2, 5
2022/9/13, 53, 46, 5, 7, 2, 5
2022/9/14, 55, 36, 5, 6, 2, 5
2022/9/15, 57, 23, 2, 7, 1, 8
2022/9/16, 44, 69, 13, 8, 1, 6
2022/9/17, 94, 85, 21, 10, 2, 7
2022/9/18, 113, 116, 12, 13, 1, 9
2022/9/19, 158, 90, 17, 11, 2, 9
2022/9/20, 130, 77, 10, 11, 1, 7
2022/9/21, 122, 45, 5, 8, 1, 7
2022/9/22, 84, 36, 3, 9, 1, 7
2022/9/23, 91, 29, 1, 7, 1, 5
2022/9/24, 79, 21, 7, 7, 1, 6
2022/9/25, 67, 61, 10, 9, 1, 7
2022/9/26, 126, 69, 11, 10, 1, 7
2022/9/27, 113, 88, 13, 11, 1, 9
2022/9/28, 138, 85, 14, 11, 1, 8
2022/9/29, 147, 96, 20, 13, 1, 6
2022/9/30, 166, 88, 10, 15, 2, 14
2022/4/1, 135, 120, 33, 25, 2, 9
2022/4/2, 166, 109, 32, 21, 2, 9
2022/4/3, 163, 149, 26, 21, 2, 9
2022/4/4, 173, 151, 26, 21, 2, 10
2022/4/5, 165, 147, 26, 23, 2, 9
2022/4/6, 166, 138, 28, 23, 2, 9
2022/4/7, 181, 150, 25, 25, 3, 9
2022/4/8, 143, 217, 35, 24, 5, 10
2022/4/9, 165, 240, 31, 21, 5, 9
2022/4/10, 175, 207, 30, 25, 5, 11
2022/4/11, 178, 238, 20, 29, 4, 15
2022/4/12, 178, 318, 19, 26, 3, 14
2022/4/13, 185, 291, 31, 13, 3, 9
2022/4/14, 153, 150, 40, 20, 4, 12
2022/4/15, 152, 223, 36, 24, 5, 14
2022/4/16, 177, 200, 43, 27, 4, 16
2022/4/17, 181, 265, 49, 35, 4, 20
2022/4/18, 182, 271, 28, 23, 4, 12
2022/4/19, 187, 203, 23, 17, 4, 12
2022/4/20, 158, 204, 2, 20, 4, 19
2022/4/21, 156, 159, 32, 17, 3, 14
2022/4/22, 137, 220, 31, 23, 3, 15
2022/4/23, 167, 231, 33, 19, 5, 11
2022/4/24, 197, 218, 33, 14, 4, 10
2022/4/25, 167, 143, 34, 22, 3, 15
2022/4/26, 164, 222, 36, 26, 4, 15
2022/4/27, 199, 257, 29, 26, 4, 20
2022/4/28, 216, 289, 24, 24, 5, 14
2022/4/29, 224, 199, 22, 22, 5, 13
2022/4/30, 182, 213, 17, 13, 3, 8
2022/5/1, 168, 158, 19, 10, 3, 11
2022/5/2, 156, 264, 16, 11, 3, 12
2022/5/3, 171, 143, 13, 12, 3, 11
2022/5/4, 147, 114, 38, 19, 3, 15
2022/5/5, 147, 202, 25, 20, 3, 11
2022/5/6, 200, 169, 34, 15, 3, 10
2022/5/7, 161, 142, 11, 13, 4, 11
2022/5/9, 149, 107, 22, 10, 2, 10
2022/5/10, 154, 110, 25, 11, 3, 11
2022/5/11, 153, 122, 31, 12, 3, 11
2022/5/12, 157, 173, 45, 21, 3, 16
2022/5/13, 165, 211, 37, 25, 3, 18
2022/5/14, 168, 214, 28, 25, 3, 18
2022/5/15, 155, 361, 21, 15, 2, 13
2022/5/16, 184, 156, 43, 15, 3, 11
2022/5/17, 143, 181, 35, 17, 4, 11
2022/5/18, 158, 166, 35, 19, 4, 13
2022/5/19, 165, 245, 27, 19, 2, 11
2022/5/20, 164, 265, 22, 11, 2, 9
2022/5/21, 151, 126, 42, 12, 3, 9
2022/5/22, 151, 74, 16, 7, 2, 9
2022/5/23, 81, 61, 21, 10, 2, 11
2022/5/24, 110, 122, 36, 16, 2, 12
2022/5/25, 171, 147, 59, 19, 3, 11
2022/5/26, 173, 145, 21, 15, 2, 10
2022/5/27, 163, 319, 17, 14, 2, 12
2022/5/28, 173, 188, 26, 11, 3, 10
2022/5/29, 160, 146, 26, 11, 2, 10
2022/5/30, 157, 406, 37, 26, 2, 21
2022/5/31, 184, 236, 35, 21, 2, 14
2022/6/1, 164, 177, 30, 23, 2, 16
2022/6/2, 152, 206, 37, 23, 3, 16
2022/6/3, 156, 175, 38, 24, 2, 17
2022/6/4, 148, 156, 25, 18, 2, 11
2022/6/5, 134, 151, 23, 24, 2, 19
2022/6/6, 129, 314, 22, 17, 1, 12
2022/6/7, 164, 305, 18, 13, 2, 11
2022/6/8, 157, 172, 23, 15, 1, 12
2022/6/9, 138, 298, 18, 13, 2, 10
2022/6/10, 161, 218, 18, 12, 2, 12
2022/6/11, 149, 215, 22, 13, 2, 12
2022/6/12, 154, 141, 19, 10, 1, 11
2022/6/13, 120, 174, 17, 8, 2, 10
2022/6/14, 131, 92, 18, 6, 2, 10
2022/6/15, 86, 97, 26, 8, 2, 11
2022/6/16, 90, 62, 12, 10, 2, 11
2022/6/17, 82, 58, 14, 9, 1, 12
2022/6/18, 103, 83, 14, 11, 1, 12
2022/6/19, 124, 86, 21, 12, 2, 11
2022/6/20, 126, 93, 18, 15, 2, 12
2022/6/21, 127, 109, 22, 13, 1, 11
2022/6/22, 139, 120, 27, 12, 1, 10
2022/6/23, 139, 133, 32, 15, 2, 13
2022/6/24, 145, 170, 57, 19, 2, 14
2022/6/25, 161, 104, 19, 10, 2, 11
2022/6/26, 148, 95, 17, 8, 1, 11
2022/6/27, 144, 120, 16, 10, 1, 13
2022/6/28, 164, 116, 6, 8, 2, 12
2022/6/29, 142, 61, 4, 11, 1, 12
2022/6/30, 117, 61, 2, 10, 2, 13
2022/1/3, 275, 184, 12, 20, 2, 10
2022/1/4, 267, 229, 2, 16, 2, 8
2022/1/5, 345, 86, 7, 9, 2, 9
2022/1/6, 183, 70, 5, 8, 2, 9
2022/1/7, 153, 52, 4, 7, 2, 8
2022/1/8, 131, 57, 2, 7, 2, 9
2022/1/9, 121, 99, 10, 10, 2, 9
2022/1/10, 175, 106, 11, 10, 2, 8
2022/1/11, 185, 130, 13, 12, 2, 10
2022/1/12, 187, 219, 6, 16, 2, 9
2022/1/13, 309, 184, 4, 12, 2, 8
2022/1/14, 276, 130, 3, 9, 2, 8
2022/1/15, 211, 129, 10, 10, 2, 9
2022/1/16, 214, 159, 8, 12, 2, 8
2022/1/17, 252, 171, 8, 12, 2, 9
2022/1/18, 258, 205, 11, 13, 2, 9
2022/1/19, 261, 206, 8, 10, 2, 9
2022/1/20, 284, 160, 11, 13, 2, 9
2022/1/21, 245, 107, 5, 9, 2, 8
2022/1/22, 200, 99, 6, 8, 2, 10
2022/1/23, 190, 131, , 12, 2, 10
2022/1/24, 200, 130, , 10, 2, 9
2022/1/25, 202, 124, 3, 9, 2, 9
2022/1/26, 199, 123, 13, 13, 2, 8
2022/1/27, 205, 107, 20, 15, 2, 9
2022/1/28, 180, 120, 20, 16, 2, 9
2022/1/29, 198, 127, 22, 14, 2, 9
2022/1/30, 213, 185, 14, 15, 2, 9
2022/1/31, 302, 156, 11, 20, 1, 9
2022/2/1, 267, 132, 24, 12, 1, 9
2022/2/2, 235, 109, 11, 8, 2, 8
2022/2/3, 214, 62, 11, 9, 1, 9
2022/2/4, 137, 118, 14, 14, 1, 10
2022/2/5, 203, 117, 21, 17, 1, 8
2022/2/6, 200, 121, 20, 17, 2, 9
2022/2/7, 184, 149, 19, 18, 2, 9
2022/2/8, 200, 104, 13, 13, 2, 8
2022/2/9, 174, 105, 17, 13, 2, 8
2022/2/10, 163, 109, 20, 16, 2, 8
2022/2/11, 161, 105, 22, 16, 2, 9
2022/2/12, 160, 137, 24, 17, 2, 9
2022/2/13, 193, 136, 24, 16, 2, 10
2022/2/14, 181, 155, 22, 18, 2, 10
2022/2/15, 173, 198, 20, 23, 2, 9
2022/2/16, 199, 148, 22, 19, 2, 9
2022/2/17, 175, 132, 17, 17, 1, 8
2022/2/18, 174, 114, 21, 15, 1, 8
2022/2/19, 163, 105, 22, 14, 1, 9
2022/2/20, 172, 107, 18, 17, 1, 10
2022/2/21, 147, 157, 22, 13, 1, 9
2022/2/22, 172, 120, 19, 11, 1, 10
2022/2/23, 183, 168, 21, 17, 1, 9
2022/2/24, 222, 152, 20, 15, 1, 8
2022/2/25, 209, 49, 15, 9, 1, 9
2022/2/26, 77, 61, 18, 10, 1, 8
2022/2/27, 106, 75, 18, 14, 1, 9
2022/2/28, 111, 106, 27, 15, 1, 9
2022/3/1, 166, 130, 24, 17, 2, 9
2022/3/2, 176, 104, 21, 15, 1, 9
2022/3/3, 155, 96, 16, 11, 1, 8
2022/3/4, 156, 74, 21, 12, 1, 9
2022/3/5, 131, 101, 29, 17, 1, 9
2022/3/6, 161, 163, 32, 22, 2, 10
2022/3/7, 184, 152, 21, 18, 2, 9
2022/3/8, 180, 101, 17, 15, 2, 8
2022/3/9, 138, 97, 20, 14, 2, 9
2022/3/10, 129, 107, 20, 15, 1, 8
2022/3/11, 152, 106, 24, 15, 1, 9
2022/3/12, 149, 119, 26, 17, 2, 9
2022/3/13, 164, 158, 28, 16, 2, 8
2022/3/14, 180, 146, 26, 16, 2, 8
2022/3/15, 183, 126, 20, 14, 1, 8
2022/3/16, 163, 141, 41, 17, 2, 9
2022/3/17, 183, 132, 3, 12, 1, 8
2022/3/18, 196, 126, 18, 13, 1, 9
2022/3/19, 180, 132, 25, 17, 2, 9
2022/3/20, 167, 166, 25, 15, 2, 8
2022/3/21, 192, 112, 25, 10, 2, 8
2022/3/22, 156, 139, 28, 18, 2, 10
2022/3/23, 166, 212, 17, 20, 2, 9
2022/3/24, 170, 131, 19, 16, 2, 8
2022/3/25, 157, 137, 20, 15, 2, 9
2022/3/26, 157, 131, 7, 19, 1, 10
2022/3/27, 163, 155, 24, 23, 1, 10
2022/3/28, 159, 159, 24, 20, 1, 9
2022/3/29, 160, 219, 36, 25, 2, 10
2022/3/30, 178, 279, 29, 26, 2, 9
2022/3/31, 208, 115, 25, 17, 2, 10
2021/10/1, 128, 83, 14, 9, 1, 9
2021/10/2, 134, 71, 9, 7, 1, 8
2021/10/3, 89, 75, 12, 9, 1, 11
2021/10/4, 77, 86, 28, 9, 1, 9
2021/10/5, 110, 83, 17, 9, 1, 8
2021/10/6, 127, 93, 24, 10, 1, 9
2021/10/7, 147, 127, 26, 10, 2, 7
2021/10/8, 155, 115, 26, 13, 2, 13
2021/10/9, 123, 115, 23, 12, 2, 12
2021/10/10, 132, 105, 21, 13, 2, 15
2021/10/11, 129, 130, 22, 14, 2, 12
2021/10/12, 144, 123, 7, 13, 2, 8
2021/10/13, 152, 124, 23, 15, 2, 10
2021/10/14, 152, 127, 39, 16, 2, 14
2021/10/15, 167, 194, 42, 21, 3, 18
2021/10/16, 213, 116, 7, 11, 1, 8
2021/10/17, 163, 28, 6, 6, 1, 9
2021/10/18, 46, 70, 17, 9, 1, 10
2021/10/19, 116, 120, 25, 13, 1, 15
2021/10/20, 171, 134, 20, 14, 1, 11
2021/10/21, 143, 108, 18, 12, 1, 13
2021/10/22, 118, 104, 17, 12, 2, 10
2021/10/23, 140, 86, 18, 9, 1, 8
2021/10/24, 141, 64, 20, 11, 1, 10
2021/10/25, 102, 102, 23, 11, 1, 15
2021/10/26, 150, 147, 18, 16, 2, 11
2021/10/27, 177, 143, 22, 15, 1, 12
2021/10/28, 186, 151, 23, 17, 1, 14
2021/10/29, 185, 143, 20, 15, 1, 9
2021/10/30, 178, 159, 26, 15, 1, 12
2021/10/31, 195, 176, 22, 17, 2, 17
2021/11/1, 204, 151, 19, 15, 1, 12
2021/11/2, 193, 166, 22, 15, 1, 13
2021/11/3, 209, 294, 25, 14, 1, 13
2021/11/4, 330, 552, 13, 13, 1, 14
2021/11/5, 396, 292, 22, 15, 1, 12
2021/11/6, 377, 245, 24, 15, 1, 12
2021/11/7, 315, 223, 24, 16, 1, 12
2021/11/8, 308, 251, 23, 17, 2, 13
2021/11/9, 318, 225, 31, 18, 2, 15
2021/11/10, 278, 310, 3, 17, 1, 16
2021/11/11, 356, 429, 17, 17, 1, 16
2021/11/12, 447, 299, 3, 18, 1, 13
2021/11/13, 330, 168, 15, 22, 2, 14
2021/11/14, 231, 204, 16, 25, 1, 13
2021/11/15, 250, 262, 21, 21, 1, 13
2021/11/16, 311, 236, 22, 21, 1, 10
2021/11/17, 276, 195, 20, 22, 1, 21
2021/11/18, 246, 223, 19, 23, 2, 17
2021/11/19, 292, 208, 23, 20, 2, 15
2021/11/20, 276, 182, 22, 9, 1, 10
2021/11/21, 259, 157, 20, 8, 1, 6
2021/11/22, 193, 157, 20, 9, 1, 15
2021/11/23, 206, 247, 22, 14, 2, 17
2021/11/24, 281, 326, 21, 11, 1, 13
2021/11/25, 333, 305, 20, 13, 2, 22
2021/11/26, 341, 244, 17, 10, 1, 24
2021/11/27, 307, 287, 19, 8, 1, 15
2021/11/28, 340, 199, 16, 9, 1, 17
2021/11/29, 284, 190, 17, 16, 1, 13
2021/11/30, 238, 244, 3, 29, , 15
2021/12/1, 287, 266, 2, 21, 1, 12
2021/12/2, 338, 188, 11, 20, , 17
2021/12/3, 262, 161, 21, 19, 1, 16
2021/12/4, 237, 176, 15, 24, 1, 22
2021/12/5, 242, 132, 13, 18, , 10
2021/12/6, 213, 121, 13, 16, , 11
2021/12/7, 174, 129, 14, 18, , 12
2021/12/8, 188, 154, 14, 20, 1, 13
2021/12/9, 219, 151, 14, 17, 1, 12
2021/12/10, 215, 117, 18, 16, 1, 11
2021/12/11, 184, 126, 18, 18, , 14
2021/12/12, 194, 211, 12, 21, 2, 20
2021/12/13, 271, 292, 21, 20, 2, 17
2021/12/14, 318, 180, 19, 16, 2, 13
2021/12/15, 261, 219, 18, 19, 2, 12
2021/12/16, 309, 132, 19, 14, 2, 7
2021/12/17, 210, 140, 13, 15, 1, 9
2021/12/18, 208, 149, 1, 16, 1, 12
2021/12/19, 220, 208, 9, 21, 2, 12
2021/12/20, 259, 298, 13, 25, 2, 21
2021/12/21, 317, 303, 11, 27, 2, 17
2021/12/22, 345, 424, 10, 27, 2, 20
2021/12/23, 380, 332, 9, 18, 2, 11
2021/12/24, 323, 385, 9, 22, 2, 11
2021/12/25, 410, 344, 6, 16, 1, 9
2021/12/26, 416, 134, 8, 11, 2, 10
2021/12/27, 193, 136, , 16, 1, 8
2021/12/28, 215, 141, 9, 14, 2, 10
2021/12/29, 207, 176, 11, 15, 2, 10
2021/12/30, 233, 179, 11, 16, 2, 9
2021/12/31, 266, 200, 12, 18, 2, 9
2022/1/1, 295, 285, , 13, 2, 9
2022/1/2, 393, 206, 16, 23, 2, 10
2021/7/1, 97, 148, 11, 6, 2, 5
2021/7/2, 108, 85, 10, 7, 2, 5
2021/7/3, 92, 98, 25, 11, 2, 7
2021/7/4, 126, 94, 22, 8, 2, 5
2021/7/5, 103, 99, 20, 8, 3, 5
2021/7/6, 113, 101, 16, 10, 2, 5
2021/7/7, 112, 121, 14, 8, 2, 5
2021/7/8, 108, 71, 14, 6, 2, 5
2021/7/9, 116, 53, 12, 5, 2, 5
2021/7/10, 71, 60, 6, 4, 2, 4
2021/7/11, 112, 56, 5, 3, 2, 5
2021/7/12, 91, 43, 7, 8, 2, 7
2021/7/13, 78, 47, 41, 10, 2, 6
2021/7/14, 83, 68, 18, 6, 2, 5
2021/7/15, 116, 66, 6, 6, 1, 5
2021/7/16, 100, 73, 13, 8, 2, 5
2021/7/17, 125, 52, 6, 7, 2, 5
2021/7/18, 89, 18, 1, 8, 2, 6
2021/7/19, 49, 49, 5, 8, 2, 6
2021/7/20, 94, 60, 8, 9, 2, 7
2021/7/21, 96, 48, 4, 6, 2, 4
2021/7/22, 78, 53, 4, 7, 2, 6
2021/7/23, 86, 63, 9, 9, 2, 6
2021/7/24, 101, 58, 16, 7, 2, 5
2021/7/25, 89, 60, 8, 7, 2, 5
2021/7/26, 115, 45, 1, 7, 2, 5
2021/7/27, 90, 28, , 6, 2, 5
2021/7/28, 50, 38, 6, 7, 2, 6
2021/7/29, 71, 49, 4, 9, 2, 10
2021/7/30, 95, 44, 36, 5, 2, 12
2021/7/31, 69, 50, 6, 8, 2, 14
2021/8/1, 85, 64, 32, 8, 1, 14
2021/8/2, 116, 53, 6, 6, 1, 11
2021/8/3, 78, 48, 5, 6, 1, 12
2021/8/4, 62, 66, 7, 6, 1, 11
2021/8/5, 96, 75, 9, 8, 1, 12
2021/8/6, 118, 69, 3, 9, 1, 14
2021/8/7, 114, 61, 4, 9, 1, 13
2021/8/8, 113, 64, 6, 8, 1, 12
2021/8/9, 114, 90, 5, 7, 2, 12
2021/8/10, 87, 76, 5, 6, 1, 10
2021/8/11, 69, 79, 8, 6, 1, 10
2021/8/12, 70, 74, 8, 6, 1, 10
2021/8/13, 67, 79, 9, 5, 1, 10
2021/8/14, 71, 75, 9, 5, 1, 10
2021/8/15, 75, 85, 11, 7, 1, 11
2021/8/16, 83, 99, 10, 8, 1, 12
2021/8/17, 114, 105, 12, 10, 1, 13
2021/8/18, 142, 113, 10, 10, 1, 11
2021/8/19, 156, 44, 3, 7, 1, 11
2021/8/20, 84, 20, 3, 5, 1, 11
2021/8/21, 66, 47, 3, 6, 1, 12
2021/8/22, 109, 51, 6, 10, 1, 12
2021/8/23, 96, 73, 2, 9, 1, 14
2021/8/24, 116, 80, 3, 7, 1, 10
2021/8/25, 91, 87, 4, 7, 1, 11
2021/8/26, 81, 117, 10, 9, 1, 11
2021/8/27, 108, 94, 10, 9, 1, 12
2021/8/28, 127, 81, 6, 7, 1, 11
2021/8/29, 129, 37, 6, 4, 1, 10
2021/8/30, 77, 32, 1, 6, 1, 11
2021/8/31, 57, 34, 1, 7, 1, 11
2021/9/1, 67, 42, 7, 9, 1, 12
2021/9/2, 77, 40, 7, 9, 1, 11
2021/9/3, 68, 43, 6, 11, 1, 13
2021/9/4, 68, 60, 9, 9, 1, 13
2021/9/5, 104, 72, 12, 10, 1, 13
2021/9/6, 124, 58, 18, 7, 1, 12
2021/9/7, 106, 44, 5, 5, 1, 10
2021/9/8, 70, 49, 5, 6, 1, 10
2021/9/9, 82, 47, 4, 6, 1, 10
2021/9/10, 85, 25, 7, 8, 1, 11
2021/9/11, 62, 35, 4, 8, 1, 13
2021/9/12, 73, 62, 31, 8, 1, 11
2021/9/13, 107, 65, 7, 6, 1, 12
2021/9/14, 73, 48, 6, 6, 1, 11
2021/9/15, 58, 44, 3, 7, 1, 11
2021/9/16, 63, 51, 7, 6, 1, 10
2021/9/17, 68, 56, 8, 7, 2, 11
2021/9/18, 89, 52, 8, 7, 1, 11
2021/9/19, 78, 53, 7, 7, 1, 12
2021/9/20, 80, 53, 6, 7, 1, 10
2021/9/21, 80, 44, 8, 7, 1, 10
2021/9/22, 75, 42, 6, 6, 1, 10
2021/9/23, 67, 47, 5, 8, 1, 11
2021/9/24, 68, 64, 12, 8, 1, 11
2021/9/25, 103, 53, 9, 7, 1, 11
2021/9/26, 95, 79, 18, 9, 1, 12
2021/9/27, 129, 71, 16, 8, 1, 11
2021/9/28, 110, 53, 8, 7, 1, 12
2021/9/29, 76, 58, 9, 8, 1, 9
2021/9/30, 89, 82, 13, 13, 1, 13
2021/4/1, 98, 102, 22, 14, 3, 5
2021/4/2, 117, 90, 31, 17, 3, 7
2021/4/3, 130, 101, 29, 18, 3, 8
2021/4/4, 130, 127, 32, 24, 3, 9
2021/4/5, 155, 172, 53, 21, 4, 7
2021/4/6, 181, 143, 31, 11, 3, 5
2021/4/7, 141, 90, 27, 14, 3, 7
2021/4/8, 108, 90, 27, 15, 3, 8
2021/4/9, 113, 91, 30, 16, 2, 9
2021/4/10, 111, 103, 30, 17, 4, 7
2021/4/11, 128, 131, 32, 20, 3, 6
2021/4/12, 164, 129, 25, 18, 4, 6
2021/4/13, 147, 107, 23, 13, 3, 4
2021/4/14, 122, 136, 27, 16, 3, 6
2021/4/15, 130, 242, 6, 15, 2, 5
2021/4/16, 143, , , , , 
2021/4/19, 124, 115, 26, 13, 4, 2
2021/4/20, 156, 67, 20, 5, 2, 4
2021/4/21, 80, 81, 27, 7, 3, 4
2021/4/22, 100, 83, 20, 6, 3, 3
2021/4/23, 97, 67, 28, 8, 3, 4
2021/4/24, 82, 107, 31, 13, 3, 5
2021/4/25, 135, 168, 37, 19, 4, 9
2021/4/26, 194, 197, 36, 19, 5, 10
2021/4/27, 197, 213, 34, 16, 4, 7
2021/4/28, 208, 246, 35, 12, 4, 6
2021/4/29, 195, 188, 30, 14, 3, 7
2021/4/30, 167, 141, 36, 8, 3, 5
2021/5/1, 135, 103, 26, 9, 2, 5
2021/5/2, 125, 167, 21, 9, 2, 5
2021/5/3, 132, 102, 19, 9, 2, 5
2021/5/4, 112, 117, 29, 6, 3, 5
2021/5/5, 147, 93, 21, 5, 2, 5
2021/5/6, 128, 81, 37, 9, 3, 6
2021/5/7, 128, 82, 35, 10, 2, 6
2021/5/8, 131, 80, 30, 6, 2, 5
2021/5/9, 131, 82, 26, 10, 2, 6
2021/5/10, 131, 88, 31, 7, 2, 5
2021/5/11, 119, 94, 23, 6, 2, 4
2021/5/12, 94, 60, 22, 6, 2, 5
2021/5/13, 84, 71, 30, 6, 2, 5
2021/5/14, 102, 128, 25, 8, 2, 5
2021/5/15, 90, 82, 37, 12, 3, 6
2021/5/16, 130, 98, 20, 19, 2, 8
2021/5/17, 140, 49, 9, 6, 2, 5
2021/5/18, 70, 40, 6, 6, 2, 5
2021/5/19, 85, 43, 15, 5, 2, 6
2021/5/20, 82, 44, 14, 8, 2, 6
2021/5/21, 75, 42, 24, 7, 2, 5
2021/5/22, 66, 401, 22, 7, 2, 5
2021/5/23, 162, 93, 25, 7, 2, 5
2021/5/24, 111, 79, 80, 10, 2, 5
2021/5/25, 87, 122, 59, 15, 3, 8
2021/5/26, 153, 95, 33, 15, 2, 8
2021/5/27, 121, 79, 16, 6, 2, 6
2021/5/28, 93, 66, 14, 3, 2, 5
2021/5/29, 53, 97, 14, 5, 2, 5
2021/5/30, 59, 87, 24, 14, 2, 8
2021/5/31, 99, 92, 24, 9, 2, 7
2021/6/1, 77, 79, 20, 10, 2, 8
2021/6/2, 114, 96, 41, 12, 3, 8
2021/6/3, 142, 91, 24, 11, 2, 7
2021/6/4, 128, 80, 25, 11, 2, 6
2021/6/5, 102, 99, 20, 11, 2, 7
2021/6/6, 99, 104, 42, 14, 3, 10
2021/6/7, 119, 246, 10, 11, 3, 8
2021/6/8, 124, 187, 12, 8, 2, 7
2021/6/9, 106, 124, 10, 5, 3, 6
2021/6/10, 131, 121, 13, 7, 3, 6
2021/6/11, 95, 63, 8, 5, 3, 6
2021/6/12, 90, 61, 11, 5, 3, 7
2021/6/13, 95, 65, 20, 11, 2, 6
2021/6/14, 90, 78, 14, 6, 2, 5
2021/6/15, 86, 62, 20, 8, 2, 5
2021/6/16, 92, 65, 14, 8, 2, 5
2021/6/17, 101, 46, 4, 5, 2, 5
2021/6/18, 73, 48, 8, 5, 2, 5
2021/6/19, 75, 38, 16, 4, 2, 5
2021/6/20, 74, 59, 23, 7, 2, 6
2021/6/21, 103, 88, 39, 9, 3, 6
2021/6/22, 114, 157, 55, 12, 3, 6
2021/6/23, 152, 94, 14, 6, 2, 5
2021/6/24, 127, 113, 25, 8, 3, 5
2021/6/25, 124, 86, 23, 10, 3, 7
2021/6/26, 110, 107, 23, 8, 2, 6
2021/6/27, 155, 99, 27, 11, 2, 8
2021/6/28, 152, 116, 26, 13, 2, 7
2021/6/29, 142, 193, 12, 10, 2, 4
2021/6/30, 118, 134, 12, 6, 2, 5
2021/1/4, 161, 86, 11, 15, 10, 9
2021/1/5, 163, 113, 27, 13, 9, 7
2021/1/6, 191, 109, 15, 12, 8, 6
2021/1/7, 181, 165, 9, 14, 9, 9
2021/1/8, 222, 135, 15, 15, 12, 6
2021/1/9, 204, 111, 18, 11, 7, 6
2021/1/10, 186, 116, 22, 14, 9, 6
2021/1/11, 190, 152, 22, 16, 9, 14
2021/1/12, 222, 218, 32, 19, 8, 16
2021/1/13, 282, 442, 30, 23, 9, 24
2021/1/14, 430, 430, 39, 24, 10, 20
2021/1/15, 428, 258, 25, 23, 7, 14
2021/1/16, 323, 161, 16, 11, 8, 9
2021/1/17, 282, 174, 21, 12, 9, 10
2021/1/18, 247, 257, 20, 11, 7, 14
2021/1/19, 317, 122, 21, 8, 7, 7
2021/1/20, 196, 128, 29, 21, 8, 11
2021/1/21, 199, 211, 15, 24, 7, 11
2021/1/22, 304, 150, 24, 21, 8, 8
2021/1/23, 230, 205, 9, 20, 7, 9
2021/1/24, 275, 147, 25, 19, 7, 4
2021/1/25, 207, 151, 48, 18, 8, 6
2021/1/26, 210, 156, 38, 32, 10, 15
2021/1/27, 200, 276, 33, 37, 10, 15
2021/1/28, 306, 237, 37, 33, 8, 10
2021/1/29, 272, 152, 41, 37, 7, 10
2021/1/30, 204, 146, 43, 33, 8, 14
2021/1/31, 194, 261, 35, 46, 8, 24
2021/2/1, 266, 234, 73, 48, 9, 16
2021/2/2, 251, 170, 32, 28, 7, 5
2021/2/3, 228, 109, 22, 24, 7, 5
2021/2/4, 169, 96, 1, 30, 7, 8
2021/2/5, 150, 104, 2, 24, 7, 4
2021/2/6, 163, 124, , 26, 7, 7
2021/2/7, 184, 174, 1, 32, 10, 11
2021/2/8, 228, 178, 10, 37, 9, 19
2021/2/9, 163, 217, 37, 31, 8, 20
2021/2/10, 232, 152, 12, 20, 3, 13
2021/2/11, 186, 257, 22, 14, 2, 12
2021/2/12, 261, 178, 21, 17, 2, 12
2021/2/13, 214, 203, 30, 17, 2, 22
2021/2/14, 234, 162, 44, 16, 2, 15
2021/2/15, 204, 193, 95, 17, 3, 10
2021/2/16, 225, 165, 95, 15, 2, 11
2021/2/17, 200, 166, 71, 21, 3, 16
2021/2/18, 185, 154, 78, 17, 3, 11
2021/2/19, 201, 124, 49, 15, 2, 8
2021/2/20, 175, 160, 21, 15, 3, 6
2021/2/21, 212, 135, 33, 15, 2, 7
2021/2/22, 180, 124, 26, 19, 3, 9
2021/2/23, 153, 147, 33, 20, 3, 17
2021/2/24, 164, 142, 30, 17, 2, 11
2021/2/25, 175, 140, 27, 15, 3, 6
2021/2/26, 162, 128, 20, 14, 2, 11
2021/2/27, 134, 127, 31, 13, 2, 4
2021/2/28, 140, 110, 29, 14, 2, 5
2021/3/1, 133, 107, 22, 10, 3, 5
2021/3/2, 133, 135, 26, 15, 4, 10
2021/3/3, 157, 173, 29, 24, 4, 20
2021/3/4, 167, 128, 23, 14, 2, 5
2021/3/5, 155, 129, 28, 14, 3, 10
2021/3/6, 166, 190, 25, 16, 3, 10
2021/3/7, 184, 145, 22, 12, 3, 7
2021/3/8, 173, 173, 15, 12, 3, 6
2021/3/9, 183, 98, 25, 15, 3, 8
2021/3/10, 121, 153, 22, 15, 3, 10
2021/3/11, 180, 123, 11, 13, 2, 5
2021/3/12, 135, 154, 29, 13, 3, 8
2021/3/13, 180, 110, 25, 9, 3, 5
2021/3/14, 156, 159, 18, 12, 3, 5
2021/3/15, 172, 229, 12, 13, 3, 7
2021/3/16, 178, 220, 19, 14, 3, 9
2021/3/17, 175, 219, 22, 17, 3, 12
2021/3/18, 181, 173, 23, 15, 3, 7
2021/3/19, 167, 139, 26, 16, 3, 9
2021/3/20, 166, 141, 26, 16, 3, 8
2021/3/21, 159, 141, 16, 15, 3, 8
2021/3/22, 152, 172, 10, 12, 3, 4
2021/3/23, 140, 119, 23, 12, 3, 5
2021/3/24, 136, 80, 16, 10, 2, 5
2021/3/25, 108, 95, 21, 14, 3, 9
2021/3/26, 133, 115, 30, 18, 3, 10
2021/3/27, 152, 143, 31, 19, 2, 12
2021/3/28, 163, , , , , 
2021/3/30, 151, 107, 17, 11, 2, 5
2021/3/31, 70, 116, 18, 9, 3, 4
2020/10/1, 139, 103, 58, 11, 6, 6
2020/10/2, 150, 100, 62, 14, 6, 7
2020/10/3, 150, 102, 70, 15, 7, 7
2020/10/4, 151, 106, 57, 15, 7, 7
2020/10/5, 140, 112, 60, 16, 8, 11
2020/10/6, 149, 115, 34, 25, 7, 10
2020/10/7, 159, 111, 73, 25, 8, 7
2020/10/8, 160, 114, 31, 34, 7, 10
2020/10/9, 162, 119, 76, 26, 8, 7
2020/10/10, 168, 117, 78, 20, 9, 6
2020/10/11, 170, 170, 126, 33, 10, 10
2020/10/12, 196, 140, 40, 30, 7, 12
2020/10/13, 182, 146, 53, 36, 9, 18
2020/10/14, 193, 133, 51, 32, 8, 11
2020/10/15, 184, 129, 45, 39, 8, 14
2020/10/16, 180, 145, 68, 42, 8, 17
2020/10/17, 190, 123, 54, 31, 7, 9
2020/10/18, 166, 125, 48, 34, 7, 9
2020/10/19, 172, 123, 59, 35, 9, 13
2020/10/20, 164, 116, 47, 35, 7, 19
2020/10/21, 158, 164, 42, 49, 9, 20
2020/10/22, 204, 177, 73, 42, 9, 21
2020/10/23, 231, 168, 65, 39, 8, 19
2020/10/24, 220, 153, 82, 44, 8, 21
2020/10/25, 211, 170, 58, 41, 9, 20
2020/10/26, 224, 193, 50, 33, 8, 14
2020/10/27, 220, 163, 59, 44, 8, 20
2020/10/28, 215, 187, 59, 49, 8, 26
2020/10/29, 250, 192, 14, 43, 7, 17
2020/10/30, 254, 263, 4, 35, 7, 9
2020/10/31, 307, 239, 4, 33, 8, 10
2020/11/1, 294, 144, 4, 39, 8, 14
2020/11/2, 201, 133, 3, 45, 7, 22
2020/11/3, 175, 356, 2, 54, 9, 17
2020/11/4, 357, 248, 2, 47, 8, 15
2020/11/5, 318, 211, 2, 47, 8, 16
2020/11/6, 277, 314, 2, 43, 8, 16
2020/11/7, 344, 277, 2, 52, 9, 18
2020/11/8, 340, 550, 2, 62, 8, 24
2020/11/9, 505, 475, 17, 47, 8, 26
2020/11/10, 240, 146, 10, 36, 8, 21
2020/11/11, 191, 156, 2, 44, 8, 23
2020/11/12, 193, 164, 30, 48, 8, 23
2020/11/13, 208, 297, 40, 41, 8, 23
2020/11/14, 359, 320, 39, 26, 6, 14
2020/11/15, 313, 83, 27, 20, 6, 8
2020/11/16, 163, 90, 29, 25, 5, 9
2020/11/17, 155, 108, 38, 31, 6, 12
2020/11/18, 175, 119, 32, 34, 6, 11
2020/11/19, 185, 154, 34, 34, 5, 10
2020/11/20, 235, 120, 30, 31, 7, 11
2020/11/21, 170, 132, 31, 31, 7, 12
2020/11/22, 193, 158, 26, 46, 7, 19
2020/11/23, 209, 236, 32, 49, 7, 23
2020/11/24, 269, 313, 22, 37, 7, 16
2020/11/25, 320, 111, 27, 22, 7, 7
2020/11/26, 168, 92, 26, 25, 6, 10
2020/11/27, 148, 114, 37, 26, 7, 11
2020/11/28, 178, 119, 47, 32, 7, 12
2020/11/29, 181, 145, 50, 33, 7, 18
2020/11/30, 207, 192, 53, 41, 8, 15
2020/12/1, 262, 177, 52, 36, 7, 15
2020/12/2, 249, 156, 43, 38, 7, 12
2020/12/3, 224, 216, 55, 43, 8, 25
2020/12/4, 264, 248, 45, 31, 6, 14
2020/12/5, 297, 222, 43, 33, 6, 14
2020/12/6, 280, 260, 38, 31, 6, 16
2020/12/7, 309, 187, 42, 36, 10, 17
2020/12/8, 262, 146, 29, 25, 8, 23
2020/12/9, 232, 140, 24, 32, 8, 17
2020/12/10, 189, 166, 13, 35, 8, 14
2020/12/11, 209, 212, 14, 22, 5, 13
2020/12/12, 291, 117, 23, 17, 5, 6
2020/12/13, 185, 92, 26, , 6, 6
2020/12/14, 167, 115, 18, 24, 9, 7
2020/12/15, 185, 117, 21, 20, 4, 7
2020/12/16, 183, 147, 22, 22, 5, 9
2020/12/17, 208, 145, 30, 18, 7, 11
2020/12/18, 198, 159, 35, 15, 8, 11
2020/12/19, 216, 167, 34, 13, 8, 12
2020/12/20, 235, 185, 29, 12, 10, 22
2020/12/21, 238, 326, 32, 17, 10, 20
2020/12/22, 340, 325, 33, 23, 10, 25
2020/12/23, 338, 312, 31, 20, 15, 15
2020/12/24, 337, 190, 33, 18, 8, 15
2020/12/25, 251, 180, 33, 19, 8, 13
2020/12/26, 246, 266, 30, 18, 10, 14
2020/12/27, 316, 140, 25, 16, 10, 5
2020/12/28, 152, 168, 28, 15, 9, 7
2020/12/29, 187, 147, 22, 14, 7, 7
2020/12/30, 213, 183, 23, 16, 8, 9
2020/12/31, 268, 595, 18, 43, 11, 21
2021/1/1, 486, 284, 17, 22, 11, 12
2021/1/2, 337, 121, 9, 14, 10, 6
2021/1/3, 210, 80, 14, 15, 9, 7
2020/7/1, 119, 88, 44, 13, 7, 6
2020/7/2, 140, 88, 48, 11, 7, 5
2020/7/3, 141, 64, 37, 7, 7, 4
2020/7/4, 109, 41, 51, 9, 8, 4
2020/7/5, 77, 58, 22, 10, 7, 4
2020/7/6, 113, 32, 13, 6, 6, 3
2020/7/7, 55, 37, 16, 8, 5, 6
2020/7/8, 73, 49, 39, 11, 4, 6
2020/7/9, 89, 51, 33, 9, 5, 5
2020/7/10, 72, 40, 34, 8, 4, 4
2020/7/11, 61, 38, 34, 7, 5, 4
2020/7/12, 65, 74, 42, 10, 5, 4
2020/7/13, 82, 92, 55, 10, 5, 5
2020/7/14, 101, 69, 38, 7, 5, 5
2020/7/15, 102, 53, 22, 8, 6, 5
2020/7/16, 89, 62, 9, 12, 5, 8
2020/7/17, 121, 58, 19, 9, 5, 5
2020/7/18, 105, 40, 21, 10, 4, 7
2020/7/19, 70, 34, 35, 11, 4, 5
2020/7/20, 64, 31, 25, 7, 4, 4
2020/7/21, 68, 30, 12, 11, 4, 6
2020/7/22, 62, 51, 43, 11, 4, 9
2020/7/23, 95, 57, 26, 10, 4, 5
2020/7/24, 106, 44, 20, 7, 4, 5
2020/7/25, 85, 55, 26, 11, 5, 9
2020/7/26, 103, 55, 23, 9, 4, 8
2020/7/27, 92, 49, 22, 9, 4, 6
2020/7/28, 69, 50, 13, 12, 4, 5
2020/7/29, 75, 36, 21, 11, 4, 6
2020/7/30, 53, 59, 27, 14, 6, 7
2020/7/31, 108, 48, 17, 19, 5, 9
2020/8/1, 94, 42, 24, 12, 4, 5
2020/8/2, 68, 46, 23, 11, 4, 5
2020/8/3, 68, 48, 26, 10, 4, 5
2020/8/4, 69, 61, 12, 18, 6, 7
2020/8/5, 107, 44, 16, 8, 6, 4
2020/8/6, 51, 38, 22, 9, 6, 5
2020/8/7, 72, 61, 47, 15, 6, 7
2020/8/8, 123, 42, 21, 11, 5, 6
2020/8/9, 90, 42, 12, 9, 5, 5
2020/8/10, 85, 56, 25, 11, 5, 7
2020/8/11, 114, 42, 21, 6, 5, 4
2020/8/12, 69, 23, 9, 7, 5, 6
2020/8/13, 53, 36, 12, 6, 6, 5
2020/8/14, 63, 38, 16, 3, 5, 4
2020/8/15, 90, 26, 12, 5, 5, 5
2020/8/16, 52, 45, 36, 6, 5, 8
2020/8/17, 88, 48, 11, 6, 5, 7
2020/8/18, 82, 30, 9, 7, 5, 7
2020/8/19, 63, 26, 47, 6, 6, 7
2020/8/20, 59, 41, 103, 6, 9, 5
2020/8/21, 59, 42, 13, 6, 7, 3
2020/8/22, 54, 31, 14, 3, 6, 2
2020/8/23, 57, 22, 12, 4, 6, 2
2020/8/24, 50, 40, 12, 6, 5, 4
2020/8/25, 61, 28, 20, 5, 5, 3
2020/8/26, 47, 45, 28, 8, 5, 5
2020/8/27, 61, 49, 43, 10, 6, 8
2020/8/28, 88, 56, 35, 7, 7, 6
2020/8/29, 103, 35, 13, 3, 6, 2
2020/8/30, 59, 23, 14, 4, 5, 3
2020/8/31, 37, 32, 20, 5, 4, 3
2020/9/1, 49, 39, 42, 7, 4, 4
2020/9/2, 58, 53, 21, 8, 5, 5
2020/9/3, 91, 58, 8, 11, 6, 6
2020/9/4, 108, 43, 40, 10, 5, 5
2020/9/5, 74, 39, 54, 10, 5, 5
2020/9/6, 81, 60, 23, 13, 6, 7
2020/9/7, 114, 60, 40, 10, 5, 5
2020/9/8, 93, 69, 39, 11, 5, 7
2020/9/9, 130, 70, 39, 11, 5, 7
2020/9/10, 128, 80, 62, 12, 7, 8
2020/9/11, 131, 81, 54, 13, 6, 8
2020/9/12, 138, 86, 47, 12, 6, 7
2020/9/13, 153, 93, 42, 13, 5, 9
2020/9/14, 158, 84, 68, 13, 5, 9
2020/9/15, 150, 91, 44, 12, 5, 8
2020/9/16, 150, 72, 34, 11, 6, 5
2020/9/17, 119, 71, 31, 9, 5, 5
2020/9/18, 109, 82, 50, 10, 6, 6
2020/9/19, 143, 90, 45, 10, 6, 7
2020/9/20, 153, 90, 61, 9, 6, 6
2020/9/21, 146, 66, 19, 10, 6, 6
2020/9/22, 102, 58, 13, 7, 6, 5
2020/9/23, 85, 66, 39, 9, 7, 7
2020/9/24, 107, 81, 51, 10, 7, 9
2020/9/25, 131, 89, 21, 13, 6, 8
2020/9/26, 124, 66, 52, 11, 6, 6
2020/9/27, 95, 113, 39, 15, 7, 8
2020/9/28, 153, 112, 52, 13, 7, 6
2020/9/29, 157, 104, 45, 13, 7, 5
2020/9/30, 126, 99, 46, 14, 7, 8
2020/4/1, 85, , , , , 
2020/4/5, 106, 69, 30, 6, 10, 3
2020/4/6, 117, 62, 10, 4, 8, 2
2020/4/7, 79, 57, 11, 4, 8, 1
2020/4/8, 79, 51, 14, 6, 10, 2
2020/4/9, 89, 69, 15, 9, 9, 4
2020/4/10, 128, 69, 20, 8, 10, 4
2020/4/11, 118, 59, 14, 5, 9, 2
2020/4/12, 88, 77, 14, 8, 12, 4
2020/4/13, 123, 80, 16, 11, 9, 5
2020/4/14, 129, 105, 8, 11, 8, 5
2020/4/15, 131, 99, 13, 10, 10, 4
2020/4/16, 123, 61, 13, 5, 8, 1
2020/4/17, 74, 68, 13, 5, 7, 2
2020/4/18, 79, 43, 10, 6, 8, 2
2020/4/19, 74, 59, 9, 8, 7, 4
2020/4/20, 106, 54, 14, 6, 7, 3
2020/4/21, 93, 65, 14, 9, 8, 4
2020/4/22, 118, 73, 13, 10, 8, 4
2020/4/23, 116, 80, 17, 10, 8, 5
2020/4/24, 140, 53, 15, 6, 6, 3
2020/4/25, 82, 72, 11, 7, 7, 3
2020/4/26, 107, 38, 17, 4, 7, 2
2020/4/27, 77, 53, 41, 6, 8, 3
2020/4/28, 103, 72, 18, 8, 7, 4
2020/4/29, 134, 75, 18, 6, 8, 4
2020/4/30, 133, 80, 22, 6, 9, 4
2020/5/1, 136, 65, 15, 3, 8, 3
2020/5/2, 89, 50, 10, 4, 8, 3
2020/5/3, 82, 40, 14, 5, 8, 3
2020/5/4, 78, 65, 14, 7, 9, 4
2020/5/5, 120, 87, 14, 8, 10, 4
2020/5/6, 129, 51, 23, 6, 8, 2
2020/5/7, 73, 68, 17, 7, 8, 3
2020/5/8, 109, 77, 18, 6, 9, 4
2020/5/9, 137, 88, 12, 5, 8, 3
2020/5/10, 103, 74, 18, 8, 8, 4
2020/5/11, 118, 60, 16, 7, 9, 3
2020/5/12, 106, 90, 16, 10, 9, 4
2020/5/13, 145, , 17, 10, 9, 5
2020/5/14, 126, 76, 14, 10, 7, 3
2020/5/15, 104, 80, 21, 9, 7, 4
2020/5/16, 134, 97, 24, 13, 9, 5
2020/5/17, 150, 95, 21, 15, 10, 6
2020/5/18, 147, 100, 20, 20, 9, 7
2020/5/19, 148, 81, 17, 14, 7, 4
2020/5/20, 123, 82, 20, 8, 10, 3
2020/5/21, 115, 93, 23, 24, 9, 9
2020/5/22, 129, 109, 18, 20, 8, 7
2020/5/23, 127, 100, 121, 10, 10, 3
2020/5/24, 107, 92, 133, 10, 14, 3
2020/5/25, 123, 105, 108, 15, 8, 4
2020/5/26, 83, 101, 149, 14, 10, 3
2020/5/27, 97, 126, 95, 7, 8, 2
2020/5/28, 89, 47, 82, 6, 8, 2
2020/5/29, 72, 43, 109, 5, 7, 2
2020/5/30, 71, 30, 78, 5, 7, 2
2020/5/31, 68, 59, 171, 10, 10, 4
2020/6/1, 113, 64, 128, 9, 8, 3
2020/6/2, 89, 75, 194, 13, 10, 5
2020/6/3, 129, 78, 116, 14, 9, 5
2020/6/4, 127, 62, 73, 12, 9, 4
2020/6/5, 115, 51, 81, 8, 8, 3
2020/6/6, 84, 61, 58, 11, 8, 4
2020/6/7, 105, 66, 92, 13, 9, 5
2020/6/8, 108, 84, 95, 16, 9, 7
2020/6/9, 135, 86, 106, 16, 8, 6
2020/6/10, 129, 83, 97, 16, 9, 6
2020/6/11, 119, 89, 79, 14, 9, 6
2020/6/12, 146, 85, 40, 12, 8, 5
2020/6/13, 125, 95, 76, 12, 10, 6
2020/6/14, 147, 79, 102, 14, 10, 5
2020/6/15, 119, 70, 88, 12, 10, 4
2020/6/16, 99, 61, 58, 6, 9, 3
2020/6/17, 88, 63, 67, 7, 9, 4
2020/6/18, 97, 119, 72, 8, 8, 4
2020/6/19, 126, 68, 60, 9, 7, 3
2020/6/20, 81, 63, 40, 11, 7, 4
2020/6/21, 99, 56, 93, 10, 7, 5
2020/6/22, 105, 45, 29, 6, 7, 3
2020/6/23, 76, 47, 19, 8, 7, 4
2020/6/24, 85, 54, 35, 12, 7, 5
2020/6/25, 97, 73, 29, 12, 8, 5
2020/6/26, 110, 90, 24, 10, 7, 3
2020/6/27, 82, 185, 23, 10, 7, 4
2020/6/28, 109, 115, 35, 10, 7, 4
2020/6/29, 100, 74, 35, 8, 6, 4
2020/6/30, 108, 73, 39, 10, 7, 5
2020/1/1, 386, 387, 24, 43, 9, 22
2020/1/2, 393, 214, 13, 32, 7, 20
2020/1/3, 272, 175, 5, 35, 6, 22
2020/1/4, 224, 138, 5, 31, 6, 8
2020/1/5, 218, 151, 4, 35, 6, 11
2020/1/6, 223, 127, 5, 29, 7, 9
2020/1/7, 199, 108, 7, 25, 4, 10
2020/1/8, 193, 101, 4, 24, 4, 6
2020/1/9, 177, 140, 5, 29, 5, 11
2020/1/10, 204, 149, 7, 35, 6, 17
2020/1/11, 209, 212, 6, 37, 6, 22
2020/1/12, 264, 248, 6, 32, 5, 30
2020/1/13, 304, 117, 5, 23, 4, 
2020/1/14, 204, 120, 5, 29, 6, 
2020/1/15, 188, 119, 5, 25, 5, 
2020/1/16, 196, 97, 5, 22, 4, 
2020/1/17, 170, 121, 4, 24, 4, 
2020/1/18, 187, 111, 4, 21, 4, 
2020/1/19, 188, 161, 6, 22, 5, 11
2020/1/20, 225, 193, 7, 16, 7, 10
2020/1/21, 248, 221, 6, 17, 5, 13
2020/1/22, 273, 83, 5, 13, 5, 3
2020/1/23, 152, 93, 6, 20, 6, 7
2020/1/24, 158, 125, 6, 30, 7, 13
2020/1/25, 190, 175, 6, 27, 7, 17
2020/1/26, 245, 218, 5, 39, 8, 18
2020/1/27, 270, 97, 8, 21, 6, 8
2020/1/28, 177, 89, 7, 20, 6, 10
2020/1/29, 155, 94, 8, 23, 7, 7
2020/1/30, 158, 98, 7, 22, 6, 10
2020/1/31, 160, 103, 11, 21, 6, 10
2020/2/1, 169, 119, 9, 23, 7, 11
2020/2/2, 186, 142, 10, 31, 7, 11
2020/2/3, 196, 211, 12, 38, 9, 23
2020/2/4, 243, 135, 10, 26, 7, 9
2020/2/5, 199, 112, 11, 25, 6, 11
2020/2/6, 178, 138, 17, 27, 9, 16
2020/2/7, 207, 129, 13, 25, 8, 9
2020/2/8, 203, 137, 13, 27, 8, 13
2020/2/9, 201, 162, 13, 31, 8, 18
2020/2/10, 222, 161, 13, 32, 8, 22
2020/2/11, 221, 162, 14, 26, 9, 10
2020/2/12, 225, 100, 12, 19, 8, 6
2020/2/13, 164, 89, 18, 18, 6, 4
2020/2/14, 139, 109, 12, 32, 8, 7
2020/2/15, 155, 129, 12, 35, 9, 13
2020/2/16, 179, 169, 9, 36, 10, 12
2020/2/17, 212, 140, 12, 38, 13, 12
2020/2/18, 191, 144, 11, 31, 9, 17
2020/2/19, 190, 124, 11, 23, 8, 6
2020/2/20, 175, 65, 9, 21, 8, 5
2020/2/21, 116, 85, 11, 24, 10, 11
2020/2/22, 146, 135, 5, 27, 7, 14
2020/2/23, 188, 89, 12, 28, 11, 7
2020/2/24, 150, 121, 13, 27, 10, 11
2020/2/25, 183, 132, 13, 29, 9, 12
2020/2/26, 187, 109, 12, 24, 7, 8
2020/2/27, 170, 95, 12, 19, 7, 5
2020/2/28, 161, 75, 7, 22, 5, 6
2020/2/29, 152, , , , , 
2020/3/2, 169, 99, 5, 33, 7, 13
2020/3/3, 136, 101, 20, 20, 8, 10
2020/3/4, 145, 53, 10, 15, 9, 3
2020/3/5, 90, 30, 7, 14, 7, 2
2020/3/6, 63, 63, 8, 14, 8, 6
2020/3/7, 109, 79, 9, 17, 8, 7
2020/3/8, 134, 76, 7, 15, 10, 4
2020/3/9, 119, 99, 14, 16, 11, 6
2020/3/10, 160, 74, 21, 14, 9, 5
2020/3/11, 136, 99, 8, 19, 8, 6
2020/3/12, 129, 108, 6, 20, 8, 4
2020/3/13, 126, 61, 21, 18, 7, 5
2020/3/14, 105, 78, 12, 18, 8, 5
2020/3/15, 128, 82, 10, 21, 8, 6
2020/3/16, 125, 87, 10, 22, 8, 8
2020/3/17, 131, 83, 11, 22, 9, 7
2020/3/18, 127, 100, 14, 21, 12, 8
2020/3/19, 159, 113, 20, 26, 14, 10
2020/3/20, 166, 95, 15, 23, 12, 8
2020/3/21, 151, 80, 17, 13, 10, 4
2020/3/22, 142, 65, 13, 13, 10, 4
2020/3/23, 128, 69, 11, 13, 10, 4
2020/3/24, 126, 49, 9, 8, 9, 3
2020/3/25, 88, 51, 7, 5, 9, 2
2020/3/26, 95, 33, 6, 6, 8, 2
2020/3/27, 70, 24, 7, 5, 8, 2
2020/3/28, 55, 39, 8, 4, 8, 1
2020/3/29, 64, 46, 8, 5, 8, 2
2020/3/30, 88, 45, 10, 4, 8, 2
2020/3/31, 81, 48, 11, 5, 9, 2
2019/10/1, 86, 70, 6, 18, 5, 10
2019/10/2, 105, 88, 36, 22, 5, 21
2019/10/3, 138, 65, 7, 19, 4, 12
2019/10/4, 116, 70, 6, 17, 3, 10
2019/10/5, 100, 88, 7, 19, 4, 11
2019/10/6, 134, 87, 5, 17, 3, 9
2019/10/7, 129, 76, 7, 19, 4, 9
2019/10/8, 104, 113, 9, 29, 4, 19
2019/10/9, 151, 116, 35, 32, 5, 18
2019/10/10, 160, 122, 7, 38, 5, 15
2019/10/11, 170, 130, 8, 38, 6, 19
2019/10/12, 170, 164, 10, 40, 7, 19
2019/10/13, 184, 130, 7, 33, 6, 20
2019/10/14, 173, 141, 10, 35, 6, 27
2019/10/15, 180, 153, 18, 32, 6, 21
2019/10/16, 185, 130, 2, 27, 5, 15
2019/10/17, 174, 120, 2, 22, 5, 11
2019/10/18, 159, 107, 4, 33, 7, 14
2019/10/19, 142, 117, 3, 33, 6, 15
2019/10/20, 163, 126, 3, 32, 6, 14
2019/10/21, 176, 119, 3, 34, 6, 14
2019/10/22, 159, 159, 7, 43, 8, 15
2019/10/23, 176, 203, 150, 51, 8, 28
2019/10/24, 207, 180, 31, 41, 7, 18
2019/10/25, 185, 162, 9, 46, 6, 25
2019/10/26, 193, 156, 4, 34, 5, 19
2019/10/27, 213, 316, 5, 42, 9, 18
2019/10/28, 301, 311, 8, 53, 6, 26
2019/10/29, 318, 313, 8, 48, 6, 26
2019/10/30, 309, 372, 8, 57, 6, 28
2019/10/31, 329, 473, 7, 56, 6, 33
2019/11/1, 408, 324, 6, 40, 6, 21
2019/11/2, 320, 613, 6, 36, 4, 27
2019/11/3, 530, 253, 5, 33, 6, 17
2019/11/4, 192, 220, 4, 30, 6, 15
2019/11/5, 269, 120, 3, 39, 5, 17
2019/11/6, 162, 201, 5, 39, 6, 16
2019/11/7, 245, 153, 5, 41, 8, 21
2019/11/8, 203, 137, 3, 34, 6, 14
2019/11/9, 189, 194, 2, 40, 8, 16
2019/11/10, 219, 236, 3, 49, 7, 24
2019/11/11, 244, 356, 3, 52, 7, 27
2019/11/12, 347, 433, 6, 60, 7, 29
2019/11/13, 402, 470, 13, 79, 8, 31
2019/11/14, 424, 392, 6, 52, 9, 29
2019/11/15, 370, 186, 3, 28, 7, 13
2019/11/16, 229, 104, 1, 19, 6, 7
2019/11/17, 155, 115, 2, 28, 5, 12
2019/11/18, 174, 133, 2, 41, 6, 19
2019/11/19, 177, 163, 11, 56, 6, 22
2019/11/20, 186, 219, 34, 70, 8, 22
2019/11/21, 217, 181, 9, 56, 7, 26
2019/11/22, 205, 144, 5, 38, 5, 13
2019/11/23, 192, 122, 6, 33, 6, 10
2019/11/24, 169, 147, 7, 45, 6, 16
2019/11/25, 186, 145, 11, 39, 8, 17
2019/11/26, 173, 92, 9, 33, 7, 10
2019/11/27, 145, 50, 7, 24, 6, 6
2019/11/28, 82, 76, 7, 32, 6, 11
2019/11/29, 127, 106, 6, 36, 4, 13
2019/11/30, 169, 120, 4, 38, 5, 13
2019/12/1, 173, 139, 5, 45, 5, 17
2019/12/2, 177, 142, 5, 48, 6, 17
2019/12/3, 177, 174, 7, 59, 7, 16
2019/12/4, 192, 268, 6, 71, 7, 32
2019/12/5, 254, 237, 6, 50, 7, 26
2019/12/6, 251, 220, 14, 65, 8, 26
2019/12/7, 263, 213, 6, 50, 6, 26
2019/12/8, 241, 170, 5, 51, 6, 27
2019/12/9, 206, 221, 6, 53, 6, 26
2019/12/10, 224, 277, 5, 67, 7, 28
2019/12/11, 246, 296, 48, 44, 5, 18
2019/12/12, 257, 81, 8, 23, 4, 8
2019/12/13, 151, 78, 6, 24, 6, 5
2019/12/14, 138, 100, 5, 26, 5, 7
2019/12/15, 157, 91, 4, 20, 4, 5
2019/12/16, 141, 100, 5, 22, 5, 9
2019/12/17, 90, 144, 10, 27, 5, 12
2019/12/18, 123, 282, 16, 33, 5, 20
2019/12/19, 159, 372, 6, 40, 5, 18
2019/12/20, 406, 253, 6, 30, 4, 16
2019/12/21, 313, 128, 5, 23, 3, 7
2019/12/22, 205, 157, 5, 25, 4, 12
2019/12/23, 242, 313, 13, 37, 4, 15
2019/12/24, 334, 169, 5, 22, 3, 7
2019/12/25, 226, 182, 6, 25, 4, 8
2019/12/26, 254, 273, 6, 33, 4, 11
2019/12/27, 301, 351, 13, 32, 5, 20
2019/12/28, 348, 458, 35, 42, 4, 15
2019/12/29, 400, , , , , 
2019/7/1, 127, 146, 53, 15, 5, 8
2019/7/2, 161, 51, 14, 15, 4, 12
2019/7/3, 64, 62, 12, 17, 4, 10
2019/7/4, 89, 63, 6, 21, 4, 11
2019/7/5, 119, 50, 26, 15, 5, 8
2019/7/6, 82, 56, 32, 21, 5, 10
2019/7/7, 91, 84, 31, 23, 5, 10
2019/7/8, 117, 73, 11, 18, 5, 8
2019/7/9, 103, 148, 13, 14, 5, 8
2019/7/10, 130, 270, 8, 26, 6, 18
2019/7/11, 163, 229, 4, 15, 5, 18
2019/7/12, 144, 200, 8, 15, 5, 7
2019/7/13, 145, 181, 6, 13, 5, 7
2019/7/14, 138, 92, 6, 16, 5, 8
2019/7/15, 97, 65, 9, 17, 4, 8
2019/7/16, 86, 57, 7, 20, 5, 11
2019/7/17, 87, 52, 8, 20, 4, 11
2019/7/18, 87, 96, 12, 19, 5, 14
2019/7/19, 138, 72, 16, 22, 5, 11
2019/7/20, 106, 59, 31, 16, 4, 13
2019/7/21, 99, 80, 8, 17, 4, 15
2019/7/22, 134, 122, 37, 30, 4, 18
2019/7/23, 154, 118, 9, 25, 4, 17
2019/7/24, 149, 48, 5, 18, 5, 10
2019/7/25, 65, 49, 11, 16, 4, 8
2019/7/26, 87, 40, 9, 15, 4, 10
2019/7/27, 76, 33, 4, 9, 4, 7
2019/7/28, 61, 43, 5, 9, 4, 6
2019/7/29, 55, 64, 17, 17, 6, 9
2019/7/30, 79, 51, 8, 12, 5, 7
2019/7/31, 71, 60, 9, 15, 4, 8
2019/8/1, 85, 59, 21, 17, 4, 9
2019/8/2, 89, 60, 11, 18, 5, 10
2019/8/3, 93, 66, 10, 18, 5, 10
2019/8/4, 118, 71, 6, 18, 4, 11
2019/8/5, 133, 37, 5, 22, 4, 12
2019/8/6, 67, 59, 44, 18, 6, 12
2019/8/7, 93, 57, 5, 16, 5, 16
2019/8/8, 71, 47, 6, 10, 6, 8
2019/8/9, 42, 27, 9, 9, 4, 6
2019/8/10, 49, 48, 5, 12, 4, 7
2019/8/11, 68, 36, 5, 14, 4, 8
2019/8/12, 56, 43, 5, 15, 4, 9
2019/8/13, 61, 45, 23, 20, 4, 11
2019/8/14, 90, 45, 5, 14, 4, 9
2019/8/15, 81, 28, 5, 9, 5, 6
2019/8/16, 52, 9, 4, 8, 4, 8
2019/8/17, 23, 26, 6, 12, 4, 9
2019/8/18, 47, 66, 9, 18, 4, 13
2019/8/19, 109, 67, 7, 16, 4, 12
2019/8/20, 111, 83, 7, 18, 4, 10
2019/8/21, 110, 89, 6, 24, 4, 11
2019/8/22, 111, 96, 6, 23, 4, 21
2019/8/23, 127, 94, 4, 26, 4, 16
2019/8/24, 146, 48, 4, 16, 4, 9
2019/8/25, 83, 49, 5, 14, 4, 9
2019/8/26, 66, 69, 7, 18, 4, 13
2019/8/27, 93, 68, 5, 17, 5, 11
2019/8/28, 94, 62, 6, 15, 3, 8
2019/8/29, 87, 65, 5, 18, 4, 9
2019/8/30, 91, 87, 11, 26, 4, 14
2019/8/31, 119, 55, 27, 17, 4, 9
2019/9/1, 77, 75, 9, 21, 4, 10
2019/9/2, 113, 94, 8, 21, 3, 13
2019/9/3, 146, 94, 11, 22, 2, 11
2019/9/4, 152, 60, 7, 16, 2, 10
2019/9/5, 87, 59, 7, 17, 2, 10
2019/9/6, 87, 56, 7, 15, 3, 10
2019/9/7, 85, 58, 17, 14, 3, 9
2019/9/8, 87, 85, 8, 17, 2, 13
2019/9/9, 137, 95, 7, 19, 3, 14
2019/9/10, 148, 106, 8, 26, 3, 13
2019/9/11, 157, 82, 6, 18, 3, 10
2019/9/12, 133, 56, 8, 14, 3, 8
2019/9/13, 83, 50, 19, 12, 4, 7
2019/9/14, 75, 56, 15, 15, 4, 9
2019/9/15, 98, 81, 9, 20, 3, 12
2019/9/16, 130, 90, 11, 21, 3, 11
2019/9/17, 132, 63, 9, 15, 4, 7
2019/9/18, 94, 41, 6, 10, 3, 7
2019/9/19, 64, 60, 6, 15, 3, 9
2019/9/20, 87, 69, 6, 13, 5, 8
2019/9/21, 104, , , , , 
2019/9/23, 95, 68, 15, 17, 4, 9
2019/9/24, 97, 66, 10, 17, 4, 9
2019/9/25, 86, 42, 5, 11, 3, 7
2019/9/26, 58, 47, 4, 12, 6, 7
2019/9/27, 49, 51, 3, 11, 5, 7
2019/9/28, 63, 27, 3, 9, 3, 6
2019/9/29, 42, 50, 3, 13, 3, 9
2019/9/30, 79, 58, 3, 14, 3, 9
2019/4/1, 125, 116, 61, 34, 11, 9
2019/4/2, 148, 102, 55, 34, 8, 10
2019/4/3, 139, 152, 65, 42, 10, 22
2019/4/4, 169, 143, 93, 44, 13, 22
2019/4/5, 170, 186, 67, 25, 11, 9
2019/4/6, 173, , , , , 
2019/4/8, 158, 134, 62, 33, 8, 14
2019/4/9, 155, 133, 51, 35, 7, 19
2019/4/10, 146, 109, 47, 25, 8, 8
2019/4/11, 148, 131, 38, 21, 8, 7
2019/4/12, 147, 99, 33, 19, 8, 6
2019/4/13, 128, 88, 42, 22, 11, 6
2019/4/14, 121, 103, 30, 28, 6, 12
2019/4/15, 134, 176, 23, 17, 5, 8
2019/4/16, 150, 44, 30, 10, 4, 4
2019/4/17, 66, 62, 67, 12, 6, 6
2019/4/18, 94, 70, 43, 22, 7, 7
2019/4/19, 107, 104, 65, 36, 9, 11
2019/4/20, 138, 144, 31, 48, 12, 20
2019/4/21, 174, 169, 86, 27, 18, 12
2019/4/22, 180, 111, 54, 32, 9, 12
2019/4/23, 150, 144, 54, 35, 7, 11
2019/4/24, 167, 177, 50, 21, 8, 9
2019/4/25, 169, 127, 42, 29, 8, 9
2019/4/26, 137, 146, 35, 22, 9, 6
2019/4/27, 150, 145, 37, 24, 9, 7
2019/4/28, 158, 131, 43, 34, 10, 11
2019/4/29, 130, 184, 11, 50, 12, 18
2019/4/30, 172, 195, 85, 46, 15, 15
2019/5/1, 174, 159, 40, 25, 10, 9
2019/5/2, 146, 109, 47, 23, 9, 7
2019/5/3, 114, 110, 51, 31, 8, 9
2019/5/4, 136, 144, 54, 33, 11, 11
2019/5/5, 156, 144, 55, 40, 9, 16
2019/5/6, 155, 196, 31, 40, 8, 20
2019/5/7, 197, 212, 37, 35, 8, 19
2019/5/8, 183, 257, 45, 32, 9, 13
2019/5/9, 196, 197, 37, 20, 7, 7
2019/5/10, 171, 166, 48, 23, 9, 8
2019/5/11, 173, 406, 52, 27, 7, 10
2019/5/12, 255, 238, 76, 31, 15, 15
2019/5/13, 229, 76, 58, 22, 6, 8
2019/5/14, 125, 124, 29, 38, 8, 17
2019/5/15, 156, 165, 49, 30, 6, 12
2019/5/16, 155, 286, 43, 27, 6, 12
2019/5/17, 172, 65, 45, 20, 5, 7
2019/5/18, 101, 98, 74, 27, 8, 9
2019/5/19, 148, 122, 62, 33, 9, 13
2019/5/20, 156, 110, 66, 28, 9, 9
2019/5/21, 153, 113, 27, 38, 6, 12
2019/5/22, 149, 131, 79, 32, 10, 14
2019/5/23, 167, 76, 27, 22, 5, 9
2019/5/24, 101, 73, 45, 20, 6, 6
2019/5/25, 99, 80, 59, 24, 9, 7
2019/5/26, 113, 96, 60, 29, 9, 10
2019/5/27, 127, 96, 66, 31, 9, 9
2019/5/28, 106, 105, 73, 40, 11, 13
2019/5/29, 132, 119, 64, 42, 9, 17
2019/5/30, 140, 192, 91, 38, 10, 15
2019/5/31, 170, 157, 104, 33, 10, 16
2019/6/1, 166, 128, 57, 16, 8, 9
2019/6/2, 155, 186, 40, 12, 5, 8
2019/6/3, 146, 98, 57, 18, 7, 9
2019/6/4, 121, 114, 61, 27, 8, 11
2019/6/5, 154, 140, 77, 26, 9, 10
2019/6/6, 159, 93, 89, 20, 10, 8
2019/6/7, 131, 123, 82, 36, 7, 15
2019/6/8, 151, 202, 99, 42, 11, 27
2019/6/9, 179, 149, 78, 43, 7, 21
2019/6/10, 145, 467, 32, 33, 5, 15
2019/6/11, 204, 151, 45, 12, 5, 7
2019/6/12, 117, 125, 48, 21, 5, 9
2019/6/13, 132, 99, 64, 43, 4, 11
2019/6/14, 128, 146, 58, 49, 7, 12
2019/6/15, 165, 96, 25, 10, 4, 5
2019/6/16, 111, 82, 29, 19, 5, 6
2019/6/17, 114, 54, 37, 21, 3, 7
2019/6/18, 81, 135, 87, 24, 5, 10
2019/6/19, 161, 84, 97, 15, 4, 7
2019/6/20, 100, 110, 63, 33, 6, 11
2019/6/21, 146, 101, 92, 30, 7, 9
2019/6/22, 145, 72, 44, 9, 4, 7
2019/6/23, 92, 54, 20, 11, 5, 7
2019/6/24, 66, 73, 76, 20, 5, 9
2019/6/25, 108, 86, 51, 29, 5, 10
2019/6/26, 137, 119, 48, 29, 6, 10
2019/6/27, 140, 121, 35, 25, 5, 9
2019/6/28, 131, 141, 30, 21, 4, 9
2019/6/29, 132, 172, 35, 21, 4, 12
2019/6/30, 149, 88, 8, 19, 5, 6
2019/1/1, 273, 440, 15, 43, 6, 42
2019/1/2, 357, 445, 22, 39, 5, 32
2019/1/3, 373, 284, 8, 38, 5, 23
2019/1/4, 292, 282, 14, 30, 5, 24
2019/1/5, 272, 179, 17, 29, 4, 15
2019/1/6, 209, 209, 14, 28, 6, 19
2019/1/7, 216, 154, 19, 27, 5, 12
2019/1/8, 202, 143, 22, 27, 5, 12
2019/1/9, 192, 171, 21, 34, 6, 18
2019/1/10, 192, 328, 15, 47, 10, 42
2019/1/11, 259, 304, 26, 46, 6, 38
2019/1/12, 277, 299, 24, 38, 6, 24
2019/1/13, 299, 102, 21, 24, 6, 7
2019/1/14, 157, 132, 16, 29, 6, 12
2019/1/15, 175, 270, 12, 45, 10, 32
2019/1/16, 248, 451, 16, 53, 7, 41
2019/1/17, 333, 251, 22, 37, 5, 23
2019/1/18, 257, 312, 20, 44, 6, 30
2019/1/19, 286, 354, 17, 59, 8, 47
2019/1/20, 284, 186, 12, 28, 4, 19
2019/1/21, 207, 53, 7, 21, 4, 7
2019/1/22, 114, 144, 14, 27, 6, 18
2019/1/23, 190, 149, 11, 26, 5, 14
2019/1/24, 189, 81, 16, 23, 5, 6
2019/1/25, 143, 97, 23, 25, 6, 7
2019/1/26, 151, 117, 18, 26, 6, 9
2019/1/27, 168, 110, 22, 28, 6, 9
2019/1/28, 164, 136, 24, 32, 8, 13
2019/1/29, 190, 227, 24, 41, 10, 20
2019/1/30, 262, 265, 18, 38, 8, 24
2019/1/31, 257, 152, 16, 30, 7, 12
2019/2/1, 207, 169, 12, 21, 5, 12
2019/2/2, 224, 137, 14, 22, 5, 11
2019/2/3, 191, 136, 23, 32, 6, 17
2019/2/4, 178, 233, 17, 42, 10, 37
2019/2/5, 237, 178, 10, 27, 6, 17
2019/2/6, 222, 66, 6, 17, 4, 7
2019/2/7, 133, 94, 18, 24, 5, 9
2019/2/8, 139, 96, 21, 23, 5, 9
2019/2/9, 147, 152, 20, 30, 6, 16
2019/2/10, 185, 183, 24, 39, 8, 23
2019/2/11, 198, 209, 29, 47, 8, 28
2019/2/12, 208, 186, 26, 42, 7, 23
2019/2/13, 207, 140, 11, 29, 5, 13
2019/2/14, 197, 112, 12, 29, 5, 11
2019/2/15, 185, , 9, 19, 4, 9
2019/2/16, 175, , 24, 23, 4, 10
2019/2/17, 164, , 19, 31, 6, 13
2019/2/18, 170, , 26, 35, 5, 16
2019/2/19, 180, , 5, 30, 5, 14
2019/2/20, 161, , 11, 26, 6, 14
2019/2/21, 144, 75, 13, 22, 4, 11
2019/2/22, 142, 67, 21, 22, 5, 6
2019/2/23, 110, , , , , 
2019/2/25, 151, 84, 16, 27, 6, 7
2019/2/26, 129, 70, 16, 21, 7, 6
2019/2/27, 131, 102, , 41, 5, 17
2019/2/28, 162, 103, 30, 31, 5, 14
2019/3/1, 151, 108, 5, 41, 6, 15
2019/3/2, 166, 76, 16, 25, 5, 10
2019/3/3, 140, 94, 24, 25, 4, 9
2019/3/4, 157, 78, 27, 25, 5, 9
2019/3/5, 137, 108, 29, 27, 5, 11
2019/3/6, 158, 115, 39, 32, 7, 16
2019/3/7, 155, 105, 32, 30, 7, 11
2019/3/8, 152, 94, 29, 25, 7, 7
2019/3/9, 135, 91, 43, 33, 7, 9
2019/3/10, 135, 123, 31, 37, 7, 12
2019/3/11, 153, 82, 30, 21, 5, 6
2019/3/12, 124, 135, 18, 38, 10, 13
2019/3/13, 158, 148, 22, 31, 7, 17
2019/3/14, 176, 99, 23, 29, 6, 11
2019/3/15, 146, 85, 5, 29, 7, 8
2019/3/16, 129, 107, 27, 30, 8, 9
2019/3/17, 151, 126, 47, 32, 8, 10
2019/3/18, 176, 114, 36, 30, 7, 6
2019/3/19, 133, 146, 30, 29, 7, 5
2019/3/20, 158, , , , , 
2019/3/22, 85, 84, 36, 19, 6, 5
2019/3/23, 102, 85, 34, 19, 9, 6
2019/3/24, 120, 90, 30, 22, 10, 7
2019/3/25, 134, 96, 35, 27, 7, 8
2019/3/26, 134, 91, 43, 29, 8, 8
2019/3/27, 134, 104, 53, 34, 9, 15
2019/3/28, 129, 127, 51, 36, 8, 17
2019/3/29, 153, 123, 53, 40, 9, 15
2019/3/30, 153, 105, 36, 25, 8, 8
2019/3/31, 120, 101, 41, 26, 10, 6
2018/10/1, 142, 102, 45, 23, 5, 12
2018/10/2, 151, 98, 59, 31, 6, 12
2018/10/3, 136, 133, 79, 34, 8, 15
2018/10/4, 162, 165, 76, 37, 8, 23
2018/10/5, 171, 128, 38, 30, 6, 14
2018/10/6, 150, 130, 53, 30, 7, 17
2018/10/7, 164, 108, 80, 38, 8, 22
2018/10/8, 176, 122, 50, 38, 8, 19
2018/10/9, 170, 130, 32, 29, 6, 13
2018/10/10, 171, 122, 26, 24, 6, 10
2018/10/11, 153, 114, 50, 27, 7, 10
2018/10/12, 159, 132, 46, 34, 8, 19
2018/10/13, 179, 140, 45, 31, 6, 13
2018/10/14, 165, 181, 56, 39, 7, 22
2018/10/15, 184, 257, 42, 46, 7, 31
2018/10/16, 208, 258, 61, 39, 7, 24
2018/10/17, 190, 222, 34, 43, 7, 36
2018/10/18, 184, 198, 83, 38, 7, 17
2018/10/19, 197, 167, 66, 34, 8, 15
2018/10/20, 213, 213, 45, 37, 10, 16
2018/10/21, 211, 160, 44, 35, 7, 16
2018/10/22, 179, 172, 48, 42, 7, 19
2018/10/23, 172, 227, 65, 53, 11, 33
2018/10/24, 206, 274, 60, 56, 13, 35
2018/10/25, 228, 293, 41, 53, 9, 39
2018/10/26, 235, 277, 50, 58, 8, 38
2018/10/27, 231, 275, 62, 40, 8, 30
2018/10/28, 251, 296, 50, 49, 7, 30
2018/10/29, 266, 340, 51, 55, 9, 38
2018/10/30, 289, 335, 15, 54, 8, 44
2018/10/31, 264, 292, 7, 38, 7, 50
2018/11/1, 284, 206, 34, 52, 12, 21
2018/11/2, 217, 172, 33, 27, 7, 13
2018/11/3, 207, 107, 39, 21, 8, 8
2018/11/4, 154, 402, 32, 32, 6, 17
2018/11/5, 416, 138, 38, 32, 7, 11
2018/11/6, 164, 152, 51, 28, 7, 12
2018/11/7, 201, 511, 23, 47, 11, 28
2018/11/8, 479, 296, 55, 53, 7, 34
2018/11/9, 317, 267, 33, 57, 8, 36
2018/11/10, 304, 255, 51, 53, 7, 39
2018/11/11, 285, 306, 55, 57, 7, 44
2018/11/12, 300, 272, 21, 49, 7, 37
2018/11/13, 290, 139, 27, 35, 6, 19
2018/11/14, 197, 111, 28, 31, 6, 13
2018/11/15, 171, 132, 34, 29, 6, 10
2018/11/16, 194, 146, 39, 36, 6, 15
2018/11/17, 191, 156, 47, 41, 6, 23
2018/11/18, 207, 185, 38, 38, 6, 14
2018/11/19, 237, 256, 47, 47, 8, 27
2018/11/20, 253, 251, 44, 37, 6, 20
2018/11/21, 267, 162, 31, 49, 8, 21
2018/11/22, 180, 191, 33, 39, 7, 24
2018/11/23, 216, 139, 29, 27, 7, 12
2018/11/24, 171, 163, 38, 38, 7, 18
2018/11/25, 178, 248, 38, 48, 9, 33
2018/11/26, 238, 241, 3, 51, 7, 44
2018/11/27, 237, 285, 1, 52, 8, 43
2018/11/28, 242, 239, 5, 43, 5, 30
2018/11/29, 233, 246, 13, 35, 6, 23
2018/11/30, 234, 200, 32, 41, 7, 21
2018/12/1, 201, 210, 34, 47, 7, 31
2018/12/2, 189, 233, 39, 45, 6, 31
2018/12/3, 202, 223, 32, 51, 7, 37
2018/12/4, 201, 226, 31, 41, 6, 32
2018/12/5, 202, 255, 34, 50, 7, 40
2018/12/6, 207, 235, 32, 37, 5, 28
2018/12/7, 202, 234, 43, 41, 7, 29
2018/12/8, 207, 264, 36, 48, 7, 36
2018/12/9, 211, 336, 29, 44, 6, 41
2018/12/10, 232, 356, 23, 45, 6, 42
2018/12/11, 269, 260, 53, 34, 5, 25
2018/12/12, 276, 106, 23, 25, 5, 13
2018/12/13, 164, 118, 6, 28, 4, 12
2018/12/14, 177, 137, 6, 24, 4, 13
2018/12/15, 189, 150, 15, 16, 5, 14
2018/12/16, 193, 202, , 14, 4, 24
2018/12/17, 216, 236, 4, 49, 6, 22
2018/12/18, 274, 229, 19, 43, 7, 21
2018/12/19, 247, 297, 20, 43, 8, 33
2018/12/20, 287, 320, 21, 42, 7, 28
2018/12/21, 295, 385, 16, 51, 7, 33
2018/12/22, 323, 456, 20, 45, 6, 44
2018/12/23, 360, 434, 18, 44, 7, 39
2018/12/24, 339, 325, 21, 35, 5, 24
2018/12/25, 298, 261, 21, 40, 6, 23
2018/12/26, 248, 328, 15, 44, 7, 37
2018/12/27, 269, 265, 18, 34, 6, 18
2018/12/28, 241, 348, 20, 36, 7, 22
2018/12/29, 241, 374, 22, 42, 8, 38
2018/12/30, 279, , , , , 
2018/7/1, 92, 65, 25, 10, 5, 4
2018/7/2, 99, 77, 41, 21, 5, 10
2018/7/3, 124, 75, 40, 17, 6, 11
2018/7/4, 121, 95, 46, 24, 6, 6
2018/7/5, 138, 102, 31, 23, 5, 
2018/7/6, 149, 99, 48, 19, 5, 
2018/7/7, 151, 126, 68, 26, 6, 
2018/7/8, 154, 105, 40, 18, 5, 
2018/7/9, 153, 71, 31, 11, 5, 
2018/7/10, 116, 66, 25, 17, 5, 
2018/7/11, 113, 78, 51, 17, 5, 
2018/7/12, 128, 41, 14, 14, 5, 28
2018/7/13, 80, 60, 51, 14, 5, 9
2018/7/14, 93, 54, 12, 13, 5, 
2018/7/15, 86, 61, 5, 17, 5, 11
2018/7/16, 94, 61, 24, 15, 4, 5
2018/7/17, 91, 76, 111, 14, 4, 6
2018/7/18, 102, 65, 69, 13, 4, 5
2018/7/19, 97, 53, 14, 21, 4, 8
2018/7/20, 97, 63, 34, 21, 4, 8
2018/7/21, 116, 30, 12, 15, 4, 6
2018/7/22, 70, 36, 17, 15, 4, 6
2018/7/23, 80, 56, 67, 18, 4, 7
2018/7/24, 101, 40, 9, 16, 4, 6
2018/7/25, 80, 33, 5, 15, 4, 6
2018/7/26, 77, 24, 6, 13, 4, 6
2018/7/27, 64, 44, 12, 13, 4, 6
2018/7/28, 86, 79, 19, 15, 4, 6
2018/7/29, 112, 79, 21, 15, 4, 6
2018/7/30, 101, 106, 12, 19, 4, 7
2018/7/31, 146, 119, 18, 17, 4, 6
2018/8/1, 139, 159, 15, 14, 4, 5
2018/8/2, 157, 157, 10, 16, 4, 5
2018/8/3, 161, 149, 17, 17, 4, 5
2018/8/4, 162, 144, 7, 13, 4, 4
2018/8/5, 160, 88, 29, 18, 4, 7
2018/8/6, 138, 76, 53, 16, 6, 9
2018/8/7, 117, 52, 23, 15, 4, 7
2018/8/8, 88, 71, 79, 14, 4, 6
2018/8/9, 103, 89, 21, 22, 5, 11
2018/8/10, 126, 64, 10, 19, 4, 7
2018/8/11, 119, 58, 11, 14, 4, 4
2018/8/12, 81, 63, 18, 16, 4, 6
2018/8/13, 100, 84, 24, 20, 4, 8
2018/8/14, 124, 78, 26, 13, 4, 5
2018/8/15, 105, 56, 22, 21, 5, 10
2018/8/16, 99, 69, 53, 13, 4, 8
2018/8/17, 106, 61, 12, 19, 5, 8
2018/8/18, 100, 67, 33, 22, 5, 9
2018/8/19, 114, 87, 62, 22, 4, 8
2018/8/20, 134, 46, 21, 15, 5, 6
2018/8/21, 83, 55, 17, 16, 6, 7
2018/8/22, 85, 52, 8, 14, 5, 5
2018/8/23, 83, 57, 13, 14, 4, 5
2018/8/24, 69, 49, 13, 12, 4, 4
2018/8/25, 71, 54, 20, 10, 5, 4
2018/8/26, 83, 42, 63, 18, 6, 8
2018/8/27, 79, 45, 17, 17, 5, 8
2018/8/28, 79, 36, 8, 16, 4, 7
2018/8/29, 74, 60, 29, 18, 5, 9
2018/8/30, 103, 97, 17, 17, 4, 7
2018/8/31, 134, 73, 7, 23, 4, 11
2018/9/1, 117, 56, 41, 15, 4, 9
2018/9/2, 95, 52, 38, 19, 5, 10
2018/9/3, 92, 76, 16, 29, 5, 16
2018/9/4, 122, 63, 17, 18, 4, 7
2018/9/5, 115, 84, 30, 16, 4, 10
2018/9/6, 127, 63, 22, 23, 5, 11
2018/9/7, 101, 52, 24, 14, 5, 6
2018/9/8, 97, 30, 29, 10, 5, 3
2018/9/9, 70, 54, 15, 15, 5, 5
2018/9/10, 88, 48, 17, 13, 5, 6
2018/9/11, 79, 60, 9, 13, 5, 4
2018/9/12, 94, 67, 12, 12, 5, 4
2018/9/13, 87, 72, 18, 14, 5, 5
2018/9/14, 95, 72, 20, 16, 5, 7
2018/9/15, 104, 78, 18, 17, 5, 6
2018/9/16, 115, 93, 30, 18, 5, 8
2018/9/17, 134, 82, 37, 17, 5, 5
2018/9/18, 137, 92, 45, 22, 6, 9
2018/9/19, 144, 91, 59, 30, 7, 12
2018/9/20, 152, 67, 18, 17, 6, 5
2018/9/21, 101, 30, 12, 12, 5, 4
2018/9/22, 66, 30, 16, 9, 5, 4
2018/9/23, 74, 22, 7, 13, 5, 5
2018/9/24, 61, 27, 13, 14, 5, 6
2018/9/25, 65, 71, 38, 18, 5, 9
2018/9/26, 93, 77, 46, 22, 5, 19
2018/9/27, 155, 128, 42, 31, 6, 26
2018/9/28, 151, 130, 42, 32, 5, 21
2018/9/29, 157, 87, 42, 24, 6, 9
2018/9/30, 131, 81, 52, 29, 6, 13
2018/4/1, 162, 151, 46, 34, 13, 14
2018/4/2, 169, 180, 19, 46, 13, 17
2018/4/3, 176, 165, 45, 41, 12, 15
2018/4/4, 173, 282, 58, 40, 18, 20
2018/4/5, 206, 149, 48, 30, 17, 11
2018/4/6, 168, 96, 42, 23, 10, 7
2018/4/7, 119, 97, 39, 22, 12, 6
2018/4/8, 127, 83, 28, 21, 11, 6
2018/4/9, 108, 173, 41, 28, 13, 16
2018/4/10, 175, 102, 30, 16, 8, 5
2018/4/11, 146, 89, 58, 29, 9, 11
2018/4/12, 116, 112, 43, 39, 8, 14
2018/4/13, 135, 155, 44, 44, 10, 20
2018/4/14, 156, 175, 64, 50, 12, 22
2018/4/15, 178, 264, 25, 52, 13, 25
2018/4/16, 201, 117, 29, 38, 8, 8
2018/4/17, 147, 138, 32, 24, 6, 5
2018/4/18, 157, 177, 30, 37, 11, 10
2018/4/19, 169, 326, 24, 24, 10, 7
2018/4/20, 192, 457, 35, 20, 8, 5
2018/4/21, 211, 143, 30, 25, 14, 5
2018/4/22, 144, 124, 41, 34, 7, 4
2018/4/23, 104, 216, 54, 44, 11, 18
2018/4/24, 176, 201, 42, 51, 10, 24
2018/4/25, 183, 365, 101, 51, 13, 45
2018/4/26, 223, 280, 39, 33, 9, 14
2018/4/27, 185, 223, 44, 19, 10, 8
2018/4/28, 163, 178, 68, 28, 10, 10
2018/4/29, 162, 151, 55, 27, 10, 10
2018/4/30, 156, 109, 33, 16, 6, 10
2018/5/1, 125, 107, 31, 17, 6, 7
2018/5/2, 124, 107, 17, 22, 9, 7
2018/5/3, 116, 97, 32, 25, 8, 8
2018/5/4, 114, 125, 50, 35, 7, 12
2018/5/5, 143, 305, 23, 55, 10, 32
2018/5/6, 179, 302, 45, 46, 12, 21
2018/5/7, 187, 363, , , 3, 3
2018/5/8, 162, 138, 65, 30, 12, 8
2018/5/9, 156, 146, 84, 46, 7, 14
2018/5/10, 162, 230, 79, 53, 12, 21
2018/5/11, 178, 293, 70, 51, 14, 24
2018/5/12, 191, 186, 35, 24, 11, 8
2018/5/13, 147, 96, 37, 26, 11, 7
2018/5/14, 119, 128, 46, 33, 8, 11
2018/5/15, 150, 147, 48, 30, 7, 9
2018/5/16, 156, 209, 65, 23, 13, 9
2018/5/17, 192, 180, 52, 27, 14, 9
2018/5/18, 186, 206, 62, 41, 10, 19
2018/5/19, 195, 148, 67, 30, 11, 10
2018/5/20, 174, 146, 56, 25, 12, 8
2018/5/21, 169, 154, 25, 48, 13, 16
2018/5/22, 171, 276, 97, 56, 13, 22
2018/5/23, 190, 286, 36, 55, 12, 20
2018/5/24, 185, 162, 66, 50, 9, 18
2018/5/25, 148, 193, 82, 49, 14, 17
2018/5/26, 177, 264, 72, 48, 8, 18
2018/5/27, 194, 213, 88, 45, 14, 10
2018/5/28, 189, 288, 79, 44, 9, 13
2018/5/29, 196, 181, 44, 17, 8, 7
2018/5/30, 168, 153, 50, 25, 9, 8
2018/5/31, 167, 130, 48, 14, 7, 6
2018/6/1, 158, , , , , 
2018/6/3, 137, 113, 48, 15, 6, 6
2018/6/4, 149, 94, 41, 15, 6, 6
2018/6/5, 143, 110, 32, 20, 7, 7
2018/6/6, 148, 102, 68, 23, 9, 8
2018/6/7, 154, 114, 30, 18, 5, 8
2018/6/8, 156, 117, 30, 15, 5, 7
2018/6/9, 132, 101, 73, 26, 5, 9
2018/6/10, 144, 130, 53, 26, 5, 7
2018/6/11, 158, 442, 29, 21, 5, 6
2018/6/12, 256, 890, 21, 15, 4, 4
2018/6/13, 390, 703, 22, 15, 5, 4
2018/6/14, 347, 495, 22, 13, 6, 4
2018/6/15, 252, 332, 25, 13, 7, 5
2018/6/16, 224, 150, 28, 11, 6, 5
2018/6/17, 172, 98, 32, 20, 8, 7
2018/6/18, 158, 89, 52, 17, 7, 5
2018/6/19, 143, 125, 80, 28, 8, 9
2018/6/20, 167, 158, 71, 28, 8, 7
2018/6/21, 182, 128, 101, 33, 8, 12
2018/6/22, 171, 136, 74, 35, 9, 11
2018/6/23, 177, 130, 61, 25, 10, 8
2018/6/24, 165, 302, 38, 19, 7, 8
2018/6/25, 182, 106, 24, 18, 12, 6
2018/6/26, 151, 58, 14, 13, 5, 7
2018/6/27, 105, 42, 21, 14, 5, 6
2018/6/28, 67, 57, 20, 14, 5, 7
2018/6/29, 95, 57, 23, 18, 6, 7
2018/6/30, 105, 55, 24, 15, 5, 8
2018/1/20, 316, , , , , 
2018/1/22, 235, 251, 8, 36, 5, 17
2018/1/23, 263, 171, 22, 25, 8, 16
2018/1/24, 225, 153, 16, 22, 7, 13
2018/1/25, 214, 211, 16, 27, 7, 19
2018/1/26, 262, 242, 25, 31, 8, 17
2018/1/27, 272, 221, 26, 31, 5, 23
2018/1/28, 245, 229, 24, 30, 5, 18
2018/1/29, 239, 192, 27, 28, 9, 9
2018/1/30, 227, 171, 27, 25, 9, 12
2018/1/31, 219, 213, 28, 39, 14, 18
2018/2/1, 231, 201, 23, 34, 10, 16
2018/2/2, 222, 159, 33, 34, 11, 11
2018/2/3, 185, 176, 35, 32, 9, 13
2018/2/4, 207, 242, 21, 42, 12, 20
2018/2/5, 250, 184, 25, 36, 11, 16
2018/2/6, 215, 161, 38, 34, 12, 14
2018/2/7, 198, 230, 5, 43, 9, 35
2018/2/8, 266, 215, 39, 46, 15, 24
2018/2/9, 212, 291, 50, 57, 12, 40
2018/2/10, 263, 225, 19, 46, 11, 29
2018/2/11, 232, 108, 14, 18, 9, 7
2018/2/12, 163, 118, 27, 30, 10, 12
2018/2/13, 183, 97, 27, 20, 8, 6
2018/2/14, 145, 109, 30, 22, 10, 8
2018/2/15, 164, 157, 33, 32, 12, 11
2018/2/16, 212, 164, 33, 32, 13, 12
2018/2/17, 209, 177, 42, 33, 10, 14
2018/2/18, 197, 207, 49, 43, 12, 25
2018/2/19, 215, 242, 48, 45, 12, 24
2018/2/20, 236, 256, 50, 60, 12, 40
2018/2/21, 219, 214, 34, 41, 13, 20
2018/2/22, 211, 209, 38, 46, 13, 26
2018/2/23, 204, 288, 26, 44, 12, 22
2018/2/24, 234, 169, 30, 25, 13, 10
2018/2/25, 182, 106, 27, 18, 9, 5
2018/2/26, 146, 120, 29, 26, 10, 9
2018/2/27, 159, 193, 43, 33, 12, 18
2018/2/28, 190, 164, 30, 34, 11, 18
2018/3/1, 176, 155, 30, 37, 10, 22
2018/3/2, 177, 152, 29, 28, 12, 12
2018/3/3, 167, 138, 28, 23, 11, 9
2018/3/4, 159, 110, 34, 25, 10, 9
2018/3/5, 140, 113, 27, 24, 11, 7
2018/3/6, 145, 142, 18, 31, 12, 9
2018/3/7, 171, 126, 78, 23, 19, 8
2018/3/8, 166, 141, 40, 23, 19, 7
2018/3/9, 172, 112, 28, 25, 12, 7
2018/3/10, 150, 148, 35, 30, 11, 11
2018/3/11, 153, 155, 32, 33, 13, 14
2018/3/12, 170, 174, 22, 48, 14, 23
2018/3/13, 166, 255, 29, 43, 11, 23
2018/3/14, 177, 206, 17, 31, 13, 11
2018/3/15, 173, 189, 29, 28, 16, 11
2018/3/16, 180, 151, 14, 24, 15, 7
2018/3/17, 181, , , , , 
2018/3/19, 141, 174, 36, 45, 16, 21
2018/3/20, 180, 265, 39, 36, 21, 18
2018/3/21, 220, 124, 37, 24, 17, 8
2018/3/22, 164, 101, 16, 29, 11, 8
2018/3/23, 154, 120, 37, 28, 11, 7
2018/3/24, 154, 137, 38, 27, 13, 8
2018/3/25, 154, 127, 33, 28, 12, 9
2018/3/26, 155, 144, 25, 41, 13, 17
2018/3/27, 159, 172, 42, 36, 13, 16
2018/3/28, 157, 140, 32, 31, 14, 10
2018/3/29, 168, 165, 45, 37, 13, 11
2018/3/30, 174, 272, 31, 34, 13, 15
2018/3/31, 199, 136, 15, 36, 11, 10
2024/12/31, , 159, 16, 21, 4, 14
2025/1/26, , 138, 52, 33, , 7
2024/11/15, , 278, 18, , 6, 13
2023/7/20, , 82, 3, 5, 1, 7
2022/5/8, , 109, 28, 12, 3, 11
2021/4/18, , 121, 28, 16, 3, 8
2021/3/29, , 484, 17, 5, 2, 4
2020/4/4, , 61, 219, 6, 15, 3
2019/12/31, , 396, 22, 41, 7, 33
2020/3/1, , 111, 27, 26, 8, 10
2019/9/22, , 63, 7, 17, 5, 9
2019/4/7, , 231, 44, 27, 9, 8
2018/12/31, , 364, 18, 39, 8, 33
2019/2/24, , 105, 17, 37, 7, 8
2019/3/21, , 78, 33, 19, 7, 4
2018/6/2, , 96, 57, 15, 6, 6
2018/1/19, , 360, 5, 31, 11, 16
2018/1/21, , 257, 31, 39, 9, 21
2018/3/18, , 115, 30, 35, 14, 11